timestamp_s,frame_number,tracking_status,target_pan_deg,target_tilt_deg,estimated_pan_deg,estimated_tilt_deg,gimbal_pan_deg,gimbal_tilt_deg,pan_error_deg,tilt_error_deg,total_angular_error_deg,total_angular_error_mrad,pixel_error_px,rssi_signal_strength,pan_pid_output,tilt_pid_output,detection_confidence,beacon_visible,ground_truth_in_fov,ground_truth_x_px,ground_truth_y_px,detected_x_px,detected_y_px,predicted_x_px,predicted_y_px,link_locked,mechanical_pan_error_deg,mechanical_tilt_error_deg,mechanical_pointing_error_deg,instantaneous_optical_error_deg,filtered_optical_error_deg,lock_evaluation_error_deg,lock_evaluation_mode,feedforward_pan_rate_dps,feedforward_tilt_rate_dps,fps,processing_time_ms
0.016,1,ACQUIRING,11.999,0.064,12.562,0.092,0.56,0.016,11.407,0.095,11.407,199.09,276.92,0.984,35,0.994,1,TRUE,TRUE,931,362.8,931,362.9,931,362.9,FALSE,11.439,0.048,11.44,11.407,11.407,11.407,filtered-optical,0,0,63,0.57
0.032,2,TRACKING,11.999,0.07,12.584,0.06,1.12,0.034,10.903,0.051,10.903,190.3,264.39,0.984,35,1.105,1,TRUE,TRUE,918.4,361.7,918.5,360.9,918.9,361,FALSE,10.879,0.036,10.879,10.903,11.285,11.285,filtered-optical,34.996,0.993,63,0.5
0.048,3,TRACKING,11.999,0.076,12.859,0.104,1.68,0.047,10.34,0,10.34,180.47,250.42,0.984,35,0.869,1,TRUE,TRUE,904.5,360.3,904.3,360.4,911.8,360.7,FALSE,10.319,0.028,10.319,10.34,11.056,11.056,filtered-optical,34.936,1.101,63,0.46
0.064,4,TRACKING,11.999,0.081,13.167,0.104,2.24,0.059,9.729,-0.004,9.729,169.81,235.32,0.984,35,0.694,1,TRUE,TRUE,889.3,360.1,889.2,360,904.2,360.5,FALSE,9.759,0.023,9.759,9.729,10.734,10.734,filtered-optical,34.756,0.86,63,0.47
0.08,5,TRACKING,11.999,0.087,13.42,0.041,2.8,0.072,9.189,0.08,9.19,160.39,222.04,0.983,35,0.85,1,TRUE,TRUE,876,362,876.6,361.7,897.1,360.8,FALSE,9.199,0.015,9.199,9.19,10.36,10.36,filtered-optical,34.433,0.701,63,0.52
0.096,6,TRACKING,11.999,0.093,13.642,0.137,3.36,0.083,8.671,-0.017,8.671,151.34,209.31,0.983,35,0.697,1,TRUE,TRUE,863.2,359.7,863.2,360.1,889.8,360.6,FALSE,8.639,0.01,8.639,8.671,9.95,9.95,filtered-optical,33.916,0.846,63,0.46
0.112,7,TRACKING,11.999,0.099,13.914,0.145,3.92,0.092,8.077,-0.026,8.077,140.98,194.78,0.983,35,0.57,1,TRUE,TRUE,848.5,359.5,848.7,359.9,881.8,360.5,FALSE,8.079,0.006,8.079,8.077,9.496,9.496,filtered-optical,33.155,0.678,63,0.44
0.128,8,TRACKING,11.998,0.105,14.15,0.099,4.48,0.1,7.486,0.028,7.486,130.66,180.35,0.983,35,0.475,1,TRUE,TRUE,834,360.7,833.7,360.6,873.1,360.5,FALSE,7.518,0.004,7.518,7.486,9.009,9.009,filtered-optical,32.121,0.554,63,0.49
0.144,9,TRACKING,11.998,0.11,14.292,0.094,5.04,0.107,6.971,0.04,6.971,121.68,167.83,0.984,35,0.412,1,TRUE,TRUE,821.4,361.1,821.7,361,863.9,360.6,FALSE,6.958,0.004,6.958,6.971,8.515,8.515,filtered-optical,30.896,0.471,63,0.45
0.16,10,TRACKING,11.998,0.116,14.427,0.181,5.6,0.112,6.428,-0.05,6.428,112.19,154.63,0.984,35,0.325,1,TRUE,TRUE,808.1,359.1,808.1,359.2,853.9,360.4,FALSE,6.398,0.004,6.398,6.428,8.009,8.009,filtered-optical,29.455,0.368,63,0.44
0.176,11,TRACKING,11.998,0.122,14.587,0.135,6.16,0.116,5.812,0.005,5.812,101.44,139.7,0.984,35,0.266,1,TRUE,TRUE,793.1,360.4,793,360.9,842.7,360.4,FALSE,5.838,0.006,5.838,5.812,7.476,7.476,filtered-optical,27.793,0.297,63,0.45
0.192,12,TRACKING,11.998,0.128,14.653,0.097,6.72,0.12,5.256,0.054,5.256,91.74,126.26,0.984,35,0.245,1,TRUE,TRUE,779.6,361.5,780,361.4,830.7,360.6,FALSE,5.278,0.008,5.278,5.256,6.938,6.938,filtered-optical,26.028,0.269,63,0.44
0.208,13,TRACKING,11.998,0.134,14.635,0.161,7.28,0.123,4.756,-0.006,4.756,83.01,114.19,0.984,35,0.212,1,TRUE,TRUE,767.6,360.1,767.7,360.1,818.1,360.5,FALSE,4.718,0.01,4.718,4.756,6.409,6.409,filtered-optical,24.232,0.231,63,0.46
0.224,14,TRACKING,11.997,0.139,14.669,0.181,7.84,0.126,4.164,-0.027,4.164,72.67,99.92,0.984,35,0.158,1,TRUE,TRUE,753.3,359.5,753,359.6,804.5,360.3,FALSE,4.157,0.013,4.157,4.164,5.865,5.865,filtered-optical,22.38,0.171,63,0.44
0.24,15,TRACKING,11.997,0.145,14.648,0.112,8.361,0.128,3.59,0.052,3.59,62.66,86.12,0.984,32.587,0.129,1,TRUE,TRUE,738.6,361.2,738.1,361,790.1,360.4,FALSE,3.636,0.017,3.636,3.59,5.313,5.313,filtered-optical,20.516,0.139,63,0.44
0.256,16,TRACKING,11.997,0.151,14.404,0.128,8.778,0.13,3.234,0.049,3.235,56.46,77.57,0.985,26.028,0.142,1,TRUE,TRUE,727.6,361.1,727.4,361.7,775.6,360.6,FALSE,3.219,0.021,3.219,3.235,4.81,4.81,filtered-optical,16.397,0.151,63,0.44
0.272,17,TRACKING,11.997,0.157,14.039,0.208,9.033,0.132,3.006,-0.031,3.006,52.47,72.07,0.985,15.964,0.126,1,TRUE,TRUE,718.3,359.2,717.9,359.7,761.2,360.5,FALSE,2.963,0.025,2.963,3.006,4.372,4.372,filtered-optical,8.336,0.133,63,0.45
0.288,18,TRACKING,11.996,0.163,13.6,0.148,9.083,0.134,2.875,0.036,2.875,50.17,68.92,0.985,3.136,0.117,1,TRUE,TRUE,710.3,360.7,710.6,360.6,747.5,360.5,FALSE,2.913,0.028,2.913,2.875,4.009,4.009,filtered-optical,-2.97,0.123,63,0.49
0.304,19,TRACKING,11.996,0.168,12.9,0.124,8.902,0.136,3.067,0.071,3.068,53.55,73.57,0.985,-11.312,0.129,1,TRUE,TRUE,709.4,361.6,709.9,361.3,735.3,360.6,FALSE,3.094,0.032,3.094,3.068,3.781,3.781,filtered-optical,-16.623,0.135,63,0.47
0.32,20,TRACKING,11.996,0.174,11.99,0.174,8.486,0.138,3.565,0.025,3.566,62.23,85.52,0.986,-26.056,0.135,1,TRUE,TRUE,715.7,360.6,715,360.4,725.4,360.6,FALSE,3.51,0.036,3.51,3.566,3.729,3.729,filtered-optical,-31.398,0.141,63,0.46
0.336,21,TRACKING,11.996,0.18,11.184,0.209,7.926,0.14,4.069,-0.011,4.069,71.01,97.63,0.986,-35,0.106,1,TRUE,TRUE,724.3,359.8,723.7,359.3,718.1,360.4,FALSE,4.07,0.04,4.07,4.069,3.811,3.811,filtered-optical,-45.973,0.111,63,0.48
0.352,22,TRACKING,11.995,0.186,10.5,0.13,7.366,0.148,4.572,0.093,4.573,79.81,109.77,0.986,-35,0.471,1,TRUE,TRUE,736.4,362.5,736.5,363.7,713.8,360.9,FALSE,4.63,0.038,4.63,4.573,3.996,3.996,filtered-optical,-54.265,0.168,63,0.44
0.368,23,TRACKING,11.995,0.192,9.794,0.196,6.806,0.16,5.222,0.035,5.222,91.14,125.43,0.987,-35,0.785,1,TRUE,TRUE,752,361.3,752,361.1,712.4,360.9,FALSE,5.189,0.031,5.189,5.222,4.293,4.293,filtered-optical,-53.18,0.537,63,0.45
0.384,24,TRACKING,11.995,0.197,9.268,0.245,6.246,0.176,5.792,-0.012,5.792,101.1,139.23,0.987,-35,1.001,1,TRUE,TRUE,765.7,360.3,766.1,360.3,713.5,360.8,FALSE,5.749,0.021,5.749,5.792,4.657,4.657,filtered-optical,-51.805,0.835,63,0.43
0.4,25,TRACKING,11.994,0.203,8.921,0.241,5.686,0.195,6.252,-0.004,6.252,109.11,150.35,0.987,-35,1.149,1,TRUE,TRUE,776.7,360.5,776.5,360.3,716.2,360.8,FALSE,6.309,0.009,6.309,6.252,5.043,5.043,filtered-optical,-50.303,1.039,63,0.5
0.416,26,TRACKING,11.994,0.209,8.523,0.192,5.14,0.216,6.84,0.058,6.84,119.38,164.63,0.988,-34.071,1.357,1,TRUE,TRUE,791.2,361.9,790.4,361.9,720.8,360.9,FALSE,6.854,-0.007,6.854,6.84,5.479,5.479,filtered-optical,-48.652,1.21,63,0.44
0.432,27,TRACKING,11.994,0.215,8.249,0.318,4.676,0.24,7.384,-0.069,7.384,128.88,177.88,0.988,-29.04,1.459,1,TRUE,TRUE,806.4,358.9,806.7,359.7,727.3,360.8,FALSE,7.318,-0.025,7.318,7.384,5.941,5.941,filtered-optical,-45.93,1.392,63,0.43
0.448,28,TRACKING,11.993,0.221,8.312,0.303,4.351,0.259,7.621,-0.056,7.621,133.02,183.65,0.988,-20.33,1.238,1,TRUE,TRUE,815.5,359,815.6,359.2,734.5,360.6,FALSE,7.643,-0.039,7.643,7.621,6.348,6.348,filtered-optical,-39.153,1.462,63,0.44
0.464,29,TRACKING,11.993,0.226,8.529,0.272,4.216,0.276,7.722,-0.024,7.722,134.77,186.09,0.989,-8.414,1.059,1,TRUE,TRUE,822.7,359.7,823,359.7,742.2,360.5,FALSE,7.777,-0.05,7.777,7.722,6.681,6.681,filtered-optical,-28.786,1.225,63,0.46
0.48,30,TRACKING,11.993,0.232,8.845,0.277,4.315,0.291,7.729,-0.028,7.729,134.89,186.27,0.989,6.226,0.906,1,TRUE,TRUE,828.6,359.5,829,359.6,750,360.4,FALSE,7.677,-0.059,7.677,7.729,6.935,6.935,filtered-optical,-15.326,1.029,63,0.44
0.496,31,TRACKING,11.992,0.238,9.515,0.367,4.678,0.303,7.342,-0.13,7.343,128.16,176.86,0.989,22.665,0.728,1,TRUE,TRUE,825.6,357.1,826.1,357.1,756.8,360,FALSE,7.314,-0.064,7.314,7.343,7.034,7.034,filtered-optical,0.607,0.819,63,0.44
0.512,32,TRACKING,11.992,0.244,10.375,0.285,5.238,0.312,6.687,-0.044,6.687,116.72,160.92,0.99,35,0.575,1,TRUE,TRUE,814.6,359.1,815.1,359.9,761.8,359.9,FALSE,6.754,-0.068,6.754,6.687,6.95,6.95,filtered-optical,17.995,0.64,63,0.44
0.528,33,TRACKING,11.991,0.25,10.989,0.28,5.798,0.319,6.201,-0.037,6.201,108.23,149.13,0.99,35,0.432,1,TRUE,TRUE,802.8,359.3,802.3,359.4,764.9,359.8,FALSE,6.193,-0.069,6.194,6.201,6.769,6.769,filtered-optical,30.966,0.478,63,0.45
0.544,34,TRACKING,11.991,0.255,11.559,0.327,6.358,0.323,5.694,-0.086,5.694,99.39,136.86,0.99,35,0.285,1,TRUE,TRUE,790.6,358.2,790.8,358.5,766.4,359.7,FALSE,5.633,-0.068,5.633,5.694,6.508,6.508,filtered-optical,31.362,0.316,63,0.43
0.56,35,TRACKING,11.991,0.261,12.204,0.343,6.918,0.325,5.033,-0.106,5.034,87.85,120.89,0.991,35,0.13,1,TRUE,TRUE,774.6,357.7,774.8,358,766,359.4,FALSE,5.072,-0.064,5.073,5.034,6.151,6.151,filtered-optical,31.497,0.146,63,0.44
0.576,36,TRACKING,11.99,0.267,12.689,0.249,7.478,0.325,4.474,-0.004,4.474,78.09,107.39,0.991,35,-0.001,1,TRUE,TRUE,761.1,360.1,761.6,360.4,764.3,359.5,FALSE,4.512,-0.058,4.512,4.474,5.744,5.744,filtered-optical,31.459,0.005,63,0.47
0.592,37,TRACKING,11.99,0.273,13.033,0.296,8.038,0.323,4.01,-0.048,4.01,69.99,96.22,0.992,35,-0.125,1,TRUE,TRUE,749.8,359,749.6,359.2,761.4,359.4,FALSE,3.952,-0.05,3.952,4.01,5.324,5.324,filtered-optical,31.291,-0.128,63,0.43
0.608,38,TRACKING,11.989,0.279,13.473,0.328,8.598,0.315,3.397,-0.08,3.398,59.31,81.5,0.992,35,-0.531,1,TRUE,TRUE,735,358,735.2,358.4,757.2,359.3,FALSE,3.391,-0.036,3.391,3.398,4.857,4.857,filtered-optical,30.992,-0.266,63,0.43
0.624,39,TRACKING,11.989,0.285,13.875,0.258,9.158,0.301,2.772,-0.006,2.772,48.38,66.46,0.992,35,-0.867,1,TRUE,TRUE,719.9,359.5,719.9,359.6,751.8,359.2,FALSE,2.831,-0.016,2.831,2.772,4.352,4.352,filtered-optical,30.576,-0.667,63,0.44
0.64,40,TRACKING,11.988,0.29,14.102,0.214,9.718,0.287,2.294,0.048,2.294,40.04,54.99,0.993,35,-0.854,1,TRUE,TRUE,708.4,360.7,708.9,360.5,745.8,359.3,FALSE,2.27,0.003,2.27,2.294,3.853,3.853,filtered-optical,30.115,-0.987,63,0.44
0.656,41,TRACKING,11.988,0.296,14.357,0.268,10.278,0.268,1.753,-0.006,1.753,30.59,42,0.993,35,-1.178,1,TRUE,TRUE,695.3,359.2,695.5,358.3,738.9,359.2,FALSE,1.71,0.028,1.71,1.753,3.344,3.344,filtered-optical,29.594,-0.985,63,0.43
0.672,42,TRACKING,11.987,0.302,14.676,0.242,10.838,0.246,1.106,0.027,1.107,19.31,26.51,0.993,35,-1.429,1,TRUE,TRUE,679.8,359.9,679.7,360,731,359.2,FALSE,1.149,0.056,1.151,1.107,2.801,2.801,filtered-optical,29.003,-1.3,63,0.44
0.688,43,TRACKING,11.987,0.308,14.858,0.15,11.398,0.224,0.57,0.135,0.586,10.22,14.01,0.993,35,-1.327,1,TRUE,TRUE,666.9,362.5,666.4,362.1,722.5,359.5,FALSE,0.589,0.083,0.595,0.586,2.264,2.264,filtered-optical,28.381,-1.519,63,0.43
0.704,44,TRACKING,11.986,0.314,14.956,0.191,11.934,0.204,0.101,0.107,0.147,2.57,3.48,0.994,33.506,-1.242,1,TRUE,TRUE,655.1,362,655.4,361.6,713.6,359.6,FALSE,0.052,0.109,0.121,0.147,1.751,1.751,filtered-optical,27.76,-1.395,63,0.43
0.72,45,TRACKING,11.986,0.319,15.086,0.218,12.408,0.186,-0.427,0.092,0.437,7.63,10.46,0.994,29.611,-1.169,1,TRUE,TRUE,641,361.8,640.8,361.5,704.1,359.8,FALSE,-0.422,0.134,0.443,0.437,1.432,1.432,filtered-optical,25.617,-1.292,63,0.49
0.736,46,TRACKING,11.985,0.325,15.084,0.164,12.783,0.168,-0.839,0.166,0.856,14.93,20.48,0.994,23.442,-1.082,1,TRUE,TRUE,628.8,363.6,628.5,363.5,694.1,360.1,FALSE,-0.798,0.157,0.813,0.856,1.293,1.293,filtered-optical,21.073,-1.182,63,0.44
0.752,47,TRACKING,11.985,0.331,14.855,0.128,13.028,0.153,-1.021,0.23,1.046,18.26,25.04,0.994,15.324,-0.961,1,TRUE,TRUE,621.4,365.2,621.2,365.8,684.3,360.6,FALSE,-1.043,0.178,1.058,1.046,1.233,1.233,filtered-optical,14.302,-1.043,63,0.43
0.768,48,TRACKING,11.984,0.337,14.541,0.231,13.118,0.144,-1.105,0.141,1.114,19.44,26.68,0.995,5.585,-0.541,1,TRUE,TRUE,615.7,363.3,615.8,362.7,674.8,360.8,FALSE,-1.133,0.192,1.149,1.114,1.204,1.204,filtered-optical,5.641,-0.904,63,0.45
0.784,49,TRACKING,11.984,0.343,14.136,0.205,13.031,0.144,-1.079,0.19,1.096,19.12,26.23,0.995,-5.419,-0.02,1,TRUE,TRUE,612.2,364.6,612.8,365.2,665.7,361.2,FALSE,-1.047,0.198,1.066,1.096,1.178,1.178,filtered-optical,-4.568,-0.447,63,0.44
0.8,50,TRACKING,11.983,0.348,13.499,0.192,12.755,0.154,-0.785,0.228,0.818,14.27,19.56,0.995,-17.218,0.608,1,TRUE,TRUE,614.7,365.6,614.9,366,657.5,361.7,FALSE,-0.772,0.195,0.796,0.818,1.091,1.091,filtered-optical,-15.938,0.114,63,0.45
0.816,51,TRACKING,11.983,0.354,12.696,0.245,12.288,0.174,-0.271,0.195,0.334,5.83,7.94,0.995,-29.241,1.286,1,TRUE,TRUE,622.5,365,622.8,365.3,650.6,362,FALSE,-0.305,0.18,0.354,0.334,0.907,0.907,filtered-optical,-27.968,0.771,63,0.44
0.832,52,TRACKING,11.982,0.36,11.94,0.363,11.728,0.205,0.255,0.09,0.27,4.71,6.45,0.995,-35,1.913,1,TRUE,TRUE,632.8,362.7,633,363,645.1,362.2,FALSE,0.255,0.155,0.298,0.27,0.753,0.753,filtered-optical,-40.089,1.456,63,0.43
0.848,53,TRACKING,11.982,0.366,11.245,0.311,11.168,0.246,0.782,0.16,0.798,13.93,19.1,0.996,-35,2.578,1,TRUE,TRUE,645.4,364.6,645.9,365.1,641.1,362.5,FALSE,0.814,0.12,0.823,0.798,0.764,0.764,filtered-optical,-45.81,2.104,63,0.45
0.864,54,TRACKING,11.981,0.372,10.534,0.386,10.608,0.297,1.384,0.094,1.387,24.22,33.24,0.996,-35,3.181,1,TRUE,TRUE,659.8,363.2,659.1,362.7,638.5,362.6,FALSE,1.373,0.074,1.375,1.387,0.915,0.915,filtered-optical,-45.653,2.771,63,0.43
0.88,55,TRACKING,11.98,0.377,9.905,0.486,10.048,0.356,1.961,-0.002,1.961,34.23,47,0.996,-35,3.675,1,TRUE,TRUE,673.6,361.2,673.3,361,637.3,362.5,FALSE,1.933,0.021,1.933,1.961,1.169,1.169,filtered-optical,-45.387,3.362,63,0.44
0.896,56,TRACKING,11.98,0.383,9.394,0.556,9.488,0.421,2.471,-0.073,2.472,43.15,59.26,0.996,-35,4.047,1,TRUE,TRUE,685.7,359.8,686.2,360,637.2,362.4,FALSE,2.492,-0.038,2.492,2.472,1.485,1.485,filtered-optical,-45.034,3.837,63,0.46
0.912,57,TRACKING,11.979,0.389,8.88,0.523,8.928,0.49,3.029,-0.035,3.029,52.87,72.64,0.996,-35,4.363,1,TRUE,TRUE,699.1,360.9,699.4,361,638.3,362.3,FALSE,3.052,-0.102,3.053,3.029,1.859,1.859,filtered-optical,-44.606,4.2,63,0.44
0.928,58,TRACKING,11.979,0.395,8.358,0.67,8.368,0.563,3.642,-0.19,3.647,63.65,87.47,0.996,-35,4.522,1,TRUE,TRUE,713.7,357.4,713.4,357.8,640.5,362,FALSE,3.611,-0.168,3.615,3.647,2.292,2.292,filtered-optical,-44.108,4.485,63,0.43
0.944,59,TRACKING,11.978,0.401,7.948,0.731,7.808,0.634,4.182,-0.266,4.191,73.14,100.56,0.996,-35,4.466,1,TRUE,TRUE,726.7,355.6,726.9,355,643.6,361.5,FALSE,4.17,-0.234,4.177,4.191,2.753,2.753,filtered-optical,-43.553,4.598,63,0.44
0.96,60,TRACKING,11.977,0.406,7.601,0.732,7.248,0.702,4.691,-0.282,4.699,82.02,112.81,0.996,-35,4.233,1,TRUE,TRUE,739,355.1,738.4,354.6,647.5,361,FALSE,4.73,-0.296,4.739,4.699,3.225,3.225,filtered-optical,-42.962,4.497,63,0.43
0.976,61,TRACKING,11.977,0.412,7.202,0.738,6.688,0.761,5.293,-0.302,5.301,92.53,127.34,0.996,-35,3.676,1,TRUE,TRUE,753.5,354.4,753.6,354.6,652.4,360.6,FALSE,5.289,-0.349,5.3,5.301,3.728,3.728,filtered-optical,-42.32,4.224,63,0.44
0.992,62,TRACKING,11.976,0.418,6.878,0.861,6.161,0.812,5.856,-0.449,5.873,102.5,141.16,0.996,-32.889,3.195,1,TRUE,TRUE,768,350.7,768.3,351,658.2,359.9,FALSE,5.815,-0.394,5.828,5.873,4.248,4.248,filtered-optical,-41.636,3.608,63,0.44
1.008,63,TRACKING,11.975,0.424,6.744,0.82,5.702,0.851,6.25,-0.431,6.265,109.34,150.64,0.996,-28.728,2.457,1,TRUE,TRUE,779.2,350.8,778.7,350.9,664.4,359.2,FALSE,6.274,-0.428,6.288,6.265,4.737,4.737,filtered-optical,-38.832,3.073,63,0.43
1.024,64,TRACKING,11.975,0.429,6.676,0.773,5.34,0.877,6.6,-0.405,6.613,115.41,159.09,0.996,-22.581,1.594,1,TRUE,TRUE,790.1,351,790.4,351.1,671.2,358.6,FALSE,6.634,-0.447,6.649,6.613,5.192,5.192,filtered-optical,-33.962,2.289,63,0.43
1.04,65,TRACKING,11.974,0.435,6.667,0.8,5.108,0.886,6.909,-0.456,6.924,120.85,166.66,0.996,-14.551,0.592,1,TRUE,TRUE,800.8,349.4,800.7,349.8,678.4,357.9,FALSE,6.866,-0.451,6.881,6.924,5.612,5.612,filtered-optical,-27.105,1.375,63,0.49
1.056,66,TRACKING,11.973,0.441,6.917,0.805,5.029,0.878,6.959,-0.485,6.976,121.75,167.91,0.996,-4.899,-0.543,1,TRUE,TRUE,805.8,348.2,805.3,348.8,685.6,357.2,FALSE,6.944,-0.436,6.958,6.976,5.942,5.942,filtered-optical,-18.396,0.323,63,0.44
1.072,67,TRACKING,11.972,0.447,7.37,0.675,5.126,0.85,6.792,-0.37,6.802,118.72,163.69,0.996,6.04,-1.692,1,TRUE,TRUE,806,350.6,805.5,351.7,692.5,356.7,FALSE,6.847,-0.404,6.858,6.802,6.151,6.151,filtered-optical,-8.116,-0.842,63,0.43
1.088,68,TRACKING,11.972,0.453,7.864,0.614,5.414,0.805,6.57,-0.322,6.578,114.81,158.26,0.996,18.005,-2.856,1,TRUE,TRUE,805.2,351.3,805.7,351.5,699,356.2,FALSE,6.558,-0.352,6.567,6.578,6.254,6.254,filtered-optical,3.404,-2.018,63,0.46
1.104,69,TRACKING,11.971,0.458,8.557,0.607,5.903,0.74,6.119,-0.33,6.128,106.96,147.35,0.996,30.596,-4.044,1,TRUE,TRUE,799.1,350.8,799.2,351,704.8,355.7,FALSE,6.068,-0.282,6.074,6.128,6.224,6.224,filtered-optical,15.871,-3.209,63,0.46
1.12,70,TRACKING,11.97,0.464,9.4,0.468,6.463,0.657,5.466,-0.197,5.469,95.46,131.41,0.995,35,-5.18,1,TRUE,TRUE,784.9,353.6,784.8,353.3,709.4,355.5,FALSE,5.507,-0.193,5.51,5.469,6.041,6.041,filtered-optical,28.856,-4.409,63,0.54
1.136,71,TRACKING,11.97,0.47,10.096,0.322,7.023,0.559,4.913,-0.045,4.913,85.76,117.99,0.995,35,-6.146,1,TRUE,TRUE,771.5,356.8,771.6,357.8,712.9,355.5,FALSE,4.946,-0.089,4.947,4.913,5.768,5.768,filtered-optical,33.559,-5.532,63,0.45
1.152,72,TRACKING,11.969,0.476,10.671,0.263,7.583,0.447,4.446,0.021,4.446,77.6,106.72,0.995,35,-6.978,1,TRUE,TRUE,760.1,358,760.4,357.8,715.5,355.5,FALSE,4.385,0.029,4.385,4.446,5.447,5.447,filtered-optical,33.783,-6.486,63,0.45
1.168,73,TRACKING,11.968,0.482,11.351,0.193,8.143,0.325,3.826,0.105,3.827,66.8,91.82,0.995,35,-7.647,1,TRUE,TRUE,745.1,359.7,744.9,359.8,716.9,355.7,FALSE,3.825,0.157,3.828,3.827,5.055,5.055,filtered-optical,33.92,-7.296,63,0.46
1.184,74,TRACKING,11.967,0.487,11.993,-0.013,8.703,0.196,3.2,0.338,3.218,56.17,77.15,0.995,35,-8.034,1,TRUE,TRUE,730,364.9,729.7,365.5,717.3,356.2,FALSE,3.264,0.291,3.277,3.218,4.609,4.609,filtered-optical,33.979,-7.918,63,0.44
1.2,75,TRACKING,11.966,0.493,12.444,-0.083,9.263,0.066,2.736,0.44,2.771,48.37,66.4,0.995,35,-8.149,1,TRUE,TRUE,718.9,367.2,719.1,367.4,717.1,356.8,FALSE,2.703,0.427,2.737,2.771,4.164,4.164,filtered-optical,33.989,-8.252,63,0.44
1.216,76,TRACKING,11.966,0.499,12.942,-0.129,9.823,-0.061,2.189,0.527,2.252,39.3,53.9,0.995,35,-7.958,1,TRUE,TRUE,705.8,369.2,704.9,370.9,715.9,357.6,FALSE,2.142,0.56,2.214,2.252,3.7,3.7,filtered-optical,33.938,-8.302,63,0.44
1.232,77,TRACKING,11.965,0.505,13.522,-0.226,10.383,-0.181,1.523,0.667,1.662,29.01,39.7,0.994,35,-7.482,1,TRUE,TRUE,689.8,372.7,689.3,372.6,713.8,358.5,FALSE,1.581,0.686,1.724,1.662,3.206,3.206,filtered-optical,33.828,-8.043,63,0.44
1.248,78,TRACKING,11.964,0.511,13.926,-0.366,10.943,-0.286,1.005,0.862,1.324,23.1,31.43,0.994,35,-6.539,1,TRUE,TRUE,677.5,377.6,677.8,377.3,711.1,359.7,FALSE,1.021,0.796,1.294,1.324,2.75,2.75,filtered-optical,33.681,-7.484,63,0.44
1.264,79,TRACKING,11.963,0.516,14.265,-0.304,11.503,-0.373,0.527,0.853,1.003,17.5,23.65,0.994,35,-5.471,1,TRUE,TRUE,666.1,377.8,665.6,377.5,707.8,360.8,FALSE,0.46,0.89,1.001,1.003,2.326,2.326,filtered-optical,33.499,-6.464,63,0.45
1.28,80,TRACKING,11.962,0.522,14.742,-0.33,12.063,-0.439,-0.122,0.938,0.946,16.51,22.2,0.994,35,-4.092,1,TRUE,TRUE,650.6,380.4,650.2,381,703.7,362,FALSE,-0.101,0.961,0.966,0.946,1.992,1.992,filtered-optical,33.272,-5.31,63,0.72
1.296,81,TRACKING,11.962,0.528,15.139,-0.355,12.623,-0.477,-0.718,1.027,1.253,21.86,29.58,0.994,35,-2.411,1,TRUE,TRUE,636.4,383.2,636.1,383.4,699,363.4,FALSE,-0.662,1.005,1.204,1.253,1.813,1.813,filtered-optical,33.011,-3.842,63,0.61
1.312,82,TRACKING,11.961,0.534,15.378,-0.318,13.183,-0.484,-1.173,1.057,1.579,27.56,37.47,0.994,35,-0.436,1,TRUE,TRUE,625.5,384.8,625.3,385.9,693.8,364.8,FALSE,-1.223,1.018,1.591,1.579,1.756,1.756,filtered-optical,32.732,-2.071,63,0.6
1.328,83,TRACKING,11.96,0.54,15.718,-0.135,13.743,-0.457,-1.756,0.931,1.987,34.68,47.39,0.993,35,1.69,1,TRUE,TRUE,611.5,382.6,611,382.8,688,366,FALSE,-1.784,0.997,2.043,1.987,1.812,1.812,filtered-optical,32.425,-0.024,63,0.59
1.344,84,TRACKING,11.959,0.545,16.1,-0.104,14.303,-0.394,-2.407,0.958,2.591,45.22,61.92,0.993,35,3.969,1,TRUE,TRUE,595.9,384.1,595.2,384.2,681.5,367.2,FALSE,-2.344,0.939,2.526,2.591,2.001,2.001,filtered-optical,32.087,2.173,63,0.49
1.36,85,TRACKING,11.958,0.551,16.286,0.031,14.843,-0.292,-2.879,0.875,3.009,52.52,72.01,0.993,33.706,6.34,1,TRUE,TRUE,584,383,584,383.2,674.7,368.3,FALSE,-2.885,0.843,3.005,3.009,2.245,2.245,filtered-optical,31.739,4.513,63,0.51
1.376,86,TRACKING,11.957,0.557,16.427,0.247,15.335,-0.153,-3.321,0.701,3.394,59.23,81.31,0.993,30.76,8.693,1,TRUE,TRUE,572.2,379.7,572,379.5,667.5,369.2,FALSE,-3.378,0.71,3.452,3.394,2.524,2.524,filtered-optical,30.086,6.926,63,0.48
1.392,87,TRACKING,11.956,0.563,16.617,0.486,15.753,0.022,-3.832,0.491,3.863,67.42,92.64,0.993,26.16,10.921,1,TRUE,TRUE,558.1,375.5,557.8,374.9,659.8,369.7,FALSE,-3.797,0.541,3.836,3.863,2.848,2.848,filtered-optical,26.763,9.299,63,0.46
1.408,88,TRACKING,11.955,0.568,16.611,0.61,16.074,0.23,-4.155,0.393,4.173,72.84,100.13,0.993,20.027,13.04,1,TRUE,TRUE,547.9,374,548.7,374.4,652,370.2,FALSE,-4.119,0.338,4.132,4.173,3.17,3.17,filtered-optical,21.787,11.544,63,0.47
1.424,89,TRACKING,11.954,0.574,16.396,0.903,16.274,0.469,-4.269,0.111,4.271,74.54,102.49,0.993,12.532,14.921,1,TRUE,TRUE,542.2,368,542.5,368,644.1,370.3,FALSE,-4.32,0.105,4.321,4.271,3.437,3.437,filtered-optical,15.292,13.653,63,0.45
1.44,90,TRACKING,11.954,0.58,16.171,1.2,16.335,0.732,-4.373,-0.192,4.377,76.39,105.05,0.992,3.808,16.46,1,TRUE,TRUE,536.3,361.5,536.3,361.3,636.3,370,FALSE,-4.382,-0.152,4.384,4.377,3.665,3.665,filtered-optical,7.446,15.502,63,0.49
1.456,91,TRACKING,11.953,0.586,15.814,1.421,16.24,1.014,-4.338,-0.43,4.36,76.09,104.61,0.992,-5.976,17.633,1,TRUE,TRUE,533.4,356.4,532.5,357,628.6,369.5,FALSE,-4.287,-0.429,4.308,4.36,3.833,3.833,filtered-optical,-1.608,16.995,63,0.46
1.472,92,TRACKING,11.952,0.592,15.188,1.626,15.976,1.308,-4.008,-0.664,4.063,70.91,97.43,0.992,-16.485,18.378,1,TRUE,TRUE,537.3,351.3,537.8,350.8,621.5,368.7,FALSE,-4.024,-0.717,4.088,4.063,3.889,3.889,filtered-optical,-11.676,18.103,63,0.45
1.488,93,TRACKING,11.951,0.597,14.458,1.956,15.537,1.606,-3.547,-1.042,3.697,64.52,88.51,0.992,-27.435,18.605,1,TRUE,TRUE,544.3,342.6,544.2,342.8,615.1,367.4,FALSE,-3.586,-1.009,3.725,3.697,3.842,3.842,filtered-optical,-22.421,18.76,63,0.44
1.504,94,TRACKING,11.95,0.603,13.733,2.18,14.977,1.899,-3.059,-1.326,3.334,58.2,79.68,0.992,-35,18.276,1,TRUE,TRUE,553.2,335.9,552.9,336,609.4,365.9,FALSE,-3.027,-1.295,3.293,3.334,3.719,3.719,filtered-optical,-33.557,18.883,63,0.44
1.52,95,TRACKING,11.949,0.609,12.969,2.307,14.417,2.177,-2.49,-1.524,2.919,50.95,69.56,0.992,-35,17.385,1,TRUE,TRUE,566.9,331,567.1,330.4,604.8,364.1,FALSE,-2.468,-1.568,2.924,2.919,3.525,3.525,filtered-optical,-41.245,18.437,63,0.45
1.536,96,TRACKING,11.948,0.615,12.197,2.507,13.857,2.431,-1.871,-1.806,2.601,45.39,61.69,0.992,-35,15.916,1,TRUE,TRUE,581.8,323.8,581.7,324.2,601.1,362,FALSE,-1.909,-1.817,2.635,2.601,3.301,3.301,filtered-optical,-41.307,17.418,63,0.45
1.552,97,TRACKING,11.947,0.621,11.555,2.685,13.297,2.655,-1.346,-2.08,2.478,43.25,58.5,0.992,-35,13.966,1,TRUE,TRUE,594.5,316.5,594.8,316.1,598.4,359.6,FALSE,-1.35,-2.034,2.442,2.478,3.102,3.102,filtered-optical,-41.318,15.802,63,0.46
1.568,98,TRACKING,11.946,0.626,10.952,2.706,12.737,2.835,-0.827,-2.203,2.353,41.07,55.35,0.992,-35,11.256,1,TRUE,TRUE,606.9,312.6,607.1,312.5,596.4,357.1,FALSE,-0.791,-2.209,2.346,2.353,2.92,2.92,filtered-optical,-41.284,13.705,63,0.45
1.584,99,TRACKING,11.945,0.632,10.3,2.679,12.177,2.964,-0.222,-2.279,2.29,39.97,53.74,0.992,-35,8.044,1,TRUE,TRUE,621.4,309.5,621.9,309.8,595.2,354.6,FALSE,-0.232,-2.331,2.343,2.29,2.767,2.767,filtered-optical,-41.203,10.848,63,0.45
1.6,100,TRACKING,11.944,0.638,9.704,2.725,11.617,3.033,0.357,-2.437,2.463,42.98,57.81,0.992,-35,4.313,1,TRUE,TRUE,635.3,304.3,634.7,304.2,594.9,351.8,FALSE,0.327,-2.395,2.417,2.463,2.694,2.694,filtered-optical,-41.081,7.481,63,0.46
1.616,101,TRACKING,11.943,0.644,9.205,2.588,11.057,3.035,0.866,-2.409,2.56,44.68,60.22,0.992,-35,0.148,1,TRUE,TRUE,647.4,303.4,646.4,303.1,595.2,349.1,FALSE,0.886,-2.391,2.55,2.56,2.661,2.661,filtered-optical,-40.927,3.603,63,0.44
1.632,102,TRACKING,11.942,0.649,8.69,2.359,10.497,2.966,1.422,-2.282,2.689,46.93,63.47,0.992,-35,-4.338,1,TRUE,TRUE,660.7,304.7,660.4,304.3,596.2,346.6,FALSE,1.445,-2.316,2.73,2.689,2.668,2.668,filtered-optical,-40.736,-0.697,63,0.44
1.648,103,TRACKING,11.941,0.655,8.153,2.126,9.937,2.821,2.031,-2.145,2.954,51.55,70,0.992,-35,-9.048,1,TRUE,TRUE,675.2,306.2,674.6,305.9,597.9,344.2,FALSE,2.004,-2.166,2.95,2.954,2.737,2.737,filtered-optical,-40.51,-5.304,63,0.45
1.664,104,TRACKING,11.94,0.661,7.706,1.895,9.377,2.598,2.576,-2.002,3.263,56.94,77.58,0.992,-35,-13.912,1,TRUE,TRUE,688.2,307.8,688.2,307.2,600.3,342,FALSE,2.563,-1.937,3.212,3.263,2.865,2.865,filtered-optical,-40.253,-10.122,63,0.44
1.68,105,TRACKING,11.939,0.667,7.318,1.424,8.817,2.298,3.088,-1.599,3.478,60.7,83.01,0.993,-35,-18.742,1,TRUE,TRUE,700.4,315.5,701.1,314.9,603.3,340.2,FALSE,3.122,-1.632,3.522,3.478,3.013,3.013,filtered-optical,-39.969,-15.064,63,0.44
1.696,106,TRACKING,11.938,0.673,6.876,1.002,8.257,1.924,3.678,-1.226,3.877,67.67,92.81,0.993,-35,-23.391,1,TRUE,TRUE,714.6,322.6,714.4,322.7,606.9,339,FALSE,3.68,-1.252,3.887,3.877,3.223,3.223,filtered-optical,-39.661,-19.944,63,0.45
1.712,107,TRACKING,11.936,0.678,6.454,0.611,7.697,1.524,4.276,-0.865,4.363,76.15,104.61,0.993,-35,-25,1,TRUE,TRUE,729,330.5,729.5,331.2,611.1,338.1,FALSE,4.239,-0.846,4.323,4.363,3.499,3.499,filtered-optical,-39.323,-24.614,63,0.45
1.728,108,TRACKING,11.935,0.684,6.142,0.217,7.137,1.124,4.785,-0.482,4.809,83.94,115.45,0.993,-35,-25,1,TRUE,TRUE,741.3,339.5,741.7,338.9,615.8,337.7,FALSE,4.798,-0.44,4.818,4.809,3.817,3.817,filtered-optical,-38.967,-26.22,63,0.44
1.744,109,TRACKING,11.934,0.69,5.826,-0.281,6.583,0.724,5.317,0.031,5.317,92.79,127.72,0.993,-34.641,-25,1,TRUE,TRUE,754.3,351.4,753.9,351.5,621,338,FALSE,5.351,-0.034,5.352,5.317,4.18,4.18,filtered-optical,-38.594,-26.179,63,0.45
1.76,110,TRACKING,11.933,0.696,5.48,-0.575,6.06,0.324,5.904,0.356,5.915,103.23,142.17,0.994,-32.694,-25,1,TRUE,TRUE,769.3,359,769.1,359.2,626.8,338.6,FALSE,5.873,0.372,5.885,5.915,4.601,4.601,filtered-optical,-37.839,-26.118,63,0.51
1.776,111,TRACKING,11.932,0.701,5.279,-0.913,5.593,-0.076,6.364,0.745,6.407,111.82,154.06,0.994,-29.195,-25,1,TRUE,TRUE,781.8,368,781.2,368.6,633.1,339.6,FALSE,6.339,0.777,6.387,6.407,5.039,5.039,filtered-optical,-35.483,-26.032,63,0.47
1.792,112,TRACKING,11.931,0.707,5.232,-1.287,5.205,-0.476,6.68,1.188,6.785,118.43,163.15,0.994,-24.219,-25,1,TRUE,TRUE,791.5,378.3,790.9,378.4,639.6,341.1,FALSE,6.726,1.183,6.829,6.785,5.462,5.462,filtered-optical,-31.568,-25.923,63,0.45
1.808,113,TRACKING,11.93,0.713,5.191,-1.652,4.92,-0.876,7.006,1.643,7.196,125.6,173.01,0.995,-17.812,-25,1,TRUE,TRUE,801.9,389,801.5,389.5,646.4,343.1,FALSE,7.01,1.589,7.188,7.196,5.882,5.882,filtered-optical,-26.17,-25.788,63,0.44
1.824,114,TRACKING,11.929,0.719,5.268,-1.847,4.759,-1.276,7.221,1.941,7.477,130.5,179.76,0.995,-10.059,-25,1,TRUE,TRUE,810.2,396,809.8,396.6,653.4,345.3,FALSE,7.17,1.995,7.442,7.477,6.269,6.269,filtered-optical,-19.34,-25.64,63,0.46
1.84,115,TRACKING,11.927,0.725,5.615,-2.176,4.741,-1.673,7.164,2.391,7.552,131.81,181.39,0.995,-1.128,-24.831,1,TRUE,TRUE,812.2,406.7,812.9,407,660.4,348,FALSE,7.186,2.398,7.576,7.552,6.58,6.58,filtered-optical,-11.178,-25.471,63,0.48
1.856,116,TRACKING,11.926,0.73,6.058,-2.469,4.881,-2.053,7.001,2.821,7.548,131.74,181.08,0.996,8.773,-23.753,1,TRUE,TRUE,812.1,417.3,812.2,417.3,667.1,351.1,FALSE,7.045,2.784,7.575,7.548,6.815,6.815,filtered-optical,-1.86,-25.114,63,0.8
1.872,117,TRACKING,11.925,0.736,6.551,-2.642,5.193,-2.402,6.779,3.145,7.473,130.43,179.08,0.996,19.482,-21.781,1,TRUE,TRUE,810.8,425.7,811.7,425.4,673.7,354.5,FALSE,6.732,3.138,7.427,7.473,6.974,6.974,filtered-optical,8.405,-23.836,63,0.48
1.888,118,TRACKING,11.924,0.742,7.313,-2.727,5.684,-2.705,6.261,3.391,7.12,124.27,170.32,0.997,30.696,-18.944,1,TRUE,TRUE,802.5,432.6,802.1,432.6,679.5,358.2,FALSE,6.24,3.447,7.128,7.12,7.01,7.01,filtered-optical,19.435,-21.656,63,0.46
1.904,119,TRACKING,11.923,0.748,8.168,-2.891,6.244,-2.949,5.617,3.728,6.742,117.66,160.89,0.997,35,-15.23,1,TRUE,TRUE,788.5,442,789,441.6,684.6,362.1,FALSE,5.678,3.696,6.775,6.742,6.945,6.945,filtered-optical,30.921,-18.599,63,0.45
1.92,120,TRACKING,11.922,0.753,8.837,-2.886,6.804,-3.12,5.128,3.904,6.445,112.49,153.55,0.998,35,-10.685,1,TRUE,TRUE,776.6,447.8,776.5,447.8,689,366.2,FALSE,5.117,3.873,6.418,6.445,6.824,6.824,filtered-optical,35.451,-14.66,63,0.46
1.936,121,TRACKING,11.92,0.759,9.502,-2.728,7.364,-3.206,4.614,3.926,6.058,105.74,144.12,0.998,35,-5.427,1,TRUE,TRUE,764.1,450.2,764,449.7,692.6,370.3,FALSE,4.556,3.966,6.04,6.058,6.638,6.638,filtered-optical,35.634,-9.898,63,0.46
1.952,122,TRACKING,11.919,0.765,10.28,-2.57,7.924,-3.199,3.952,3.948,5.586,97.49,132.62,0.999,35,0.469,1,TRUE,TRUE,748.1,452.9,748,452.5,695.4,374.4,FALSE,3.995,3.964,5.628,5.586,6.383,6.383,filtered-optical,35.767,-4.428,63,0.45
1.968,123,TRACKING,11.918,0.771,10.922,-2.351,8.484,-3.088,3.397,3.907,5.177,90.36,122.7,0.999,35,6.929,1,TRUE,TRUE,734.8,454.3,734.9,454.7,697.5,378.4,FALSE,3.434,3.859,5.165,5.177,6.091,6.091,filtered-optical,35.862,1.673,63,0.44
1.984,124,TRACKING,11.917,0.776,11.444,-1.919,9.044,-2.868,2.936,3.64,4.676,81.61,110.72,1,35,13.767,1,TRUE,TRUE,723.7,450.5,723.1,450.1,699.1,382.1,FALSE,2.872,3.644,4.64,4.676,5.748,5.748,filtered-optical,35.922,8.314,63,0.45
2,125,TRACKING,11.915,0.782,12.1,-1.396,9.604,-2.535,2.314,3.265,4.002,69.85,94.61,1,35,20.825,1,TRUE,TRUE,708.9,444.3,709.4,444.9,699.9,385.5,FALSE,2.311,3.317,4.043,4.002,5.325,5.325,filtered-optical,35.945,15.309,63,0.45
2.016,126,TRACKING,11.914,0.788,12.732,-0.959,10.164,-2.135,1.684,2.96,3.405,59.43,80.33,1,35,25,1,TRUE,TRUE,693.8,438.7,693.9,437.6,700,388.4,FALSE,1.75,2.923,3.406,3.405,4.859,4.859,filtered-optical,35.93,22.496,63,0.44
2.032,127,TRACKING,11.913,0.794,13.178,-0.441,10.724,-1.735,1.221,2.551,2.828,49.36,66.63,1,35,25,1,TRUE,TRUE,682.8,429.2,683.1,429.1,699.6,390.9,FALSE,1.189,2.528,2.794,2.828,4.367,4.367,filtered-optical,35.89,26.771,63,0.45
2.048,128,TRACKING,11.912,0.8,13.681,0.097,11.284,-1.335,0.675,2.1,2.206,38.5,51.85,1,35,25,1,TRUE,TRUE,669.7,418.7,670.1,418.3,698.6,392.8,FALSE,0.627,2.134,2.224,2.206,3.843,3.843,filtered-optical,35.821,26.836,63,0.44
2.064,129,TRACKING,11.91,0.805,14.277,0.546,11.844,-0.935,0.008,1.717,1.717,29.96,40.27,1,35,25,1,TRUE,TRUE,653.8,409.8,654.2,409.4,696.9,394.2,FALSE,0.066,1.74,1.741,1.717,3.328,3.328,filtered-optical,35.718,26.875,63,0.44
2.08,130,TRACKING,11.909,0.811,14.704,0.904,12.404,-0.535,-0.512,1.409,1.499,26.17,35.25,1,35,25,1,TRUE,TRUE,641.3,402.6,641.2,402.1,694.7,395.2,FALSE,-0.495,1.346,1.434,1.499,2.884,2.884,filtered-optical,35.591,26.893,63,0.45
2.096,131,TRACKING,11.908,0.817,15.071,1.415,12.964,-0.135,-0.991,0.924,1.355,23.65,32.14,1,35,25,1,TRUE,TRUE,629.8,391.2,629.5,390,692.1,395.7,FALSE,-1.057,0.951,1.422,1.355,2.514,2.514,filtered-optical,35.443,26.879,63,0.44
2.112,132,TRACKING,11.906,0.823,15.577,1.818,13.524,0.265,-1.636,0.529,1.719,30.01,41.11,1,35,25,1,TRUE,TRUE,614.3,381.9,613.7,381.5,688.8,395.8,FALSE,-1.618,0.557,1.711,1.719,2.321,2.321,filtered-optical,35.267,26.843,63,0.46
2.128,133,TRACKING,11.905,0.828,16.013,2.161,14.084,0.665,-2.232,0.18,2.24,39.09,53.67,1,35,25,1,TRUE,TRUE,600,373.7,599.9,374.1,684.9,395.5,FALSE,-2.179,0.163,2.185,2.24,2.301,2.301,filtered-optical,35.069,26.79,63,0.44
2.144,134,TRACKING,11.904,0.834,16.3,2.505,14.644,1.065,-2.696,-0.186,2.702,47.16,64.77,1,35,25,1,TRUE,TRUE,588.8,365,589.2,365.4,680.8,394.8,FALSE,-2.741,-0.231,2.75,2.702,2.398,2.398,filtered-optical,34.858,26.718,63,0.44
2.16,135,TRACKING,11.902,0.84,16.682,2.963,15.204,1.465,-3.274,-0.69,3.346,58.4,80.16,1,35,25,1,TRUE,TRUE,574.8,353.1,575,352.9,676.1,393.6,FALSE,-3.302,-0.626,3.361,3.346,2.628,2.628,filtered-optical,34.626,26.618,63,0.46
2.176,136,TRACKING,11.901,0.846,17.105,3.224,15.764,1.865,-3.919,-1.008,4.047,70.63,96.96,1,35,25,1,TRUE,TRUE,559.3,345.6,558,346.3,670.8,392.1,FALSE,-3.863,-1.02,3.996,4.047,2.972,2.972,filtered-optical,34.37,26.507,63,0.44
2.192,137,TRACKING,11.9,0.851,17.372,3.524,16.324,2.265,-4.422,-1.382,4.633,80.87,110.99,1,35,25,1,TRUE,TRUE,547.2,336.8,547.6,336.5,665.2,390.3,FALSE,-4.425,-1.414,4.645,4.633,3.375,3.375,filtered-optical,34.105,26.378,63,0.44
2.208,138,TRACKING,11.898,0.857,17.62,3.862,16.871,2.665,-4.921,-1.809,5.243,91.51,125.56,1,34.158,25,1,TRUE,TRUE,534.8,326.8,535.1,327.1,659.2,388,FALSE,-4.972,-1.808,5.291,5.243,3.828,3.828,filtered-optical,33.826,26.232,63,0.45
2.224,139,TRACKING,11.897,0.863,17.937,4.207,17.38,3.065,-5.51,-2.26,5.956,103.94,142.62,1,31.836,25,1,TRUE,TRUE,519.8,316.3,519.8,317,652.7,385.4,FALSE,-5.483,-2.203,5.909,5.956,4.344,4.344,filtered-optical,32.689,26.069,63,0.44
2.24,140,TRACKING,11.896,0.869,18.107,4.375,17.829,3.465,-5.968,-2.544,6.488,113.23,155.4,1,28.057,25,1,TRUE,TRUE,507.3,309.7,506.7,310.1,645.8,382.6,FALSE,-5.934,-2.597,6.477,6.488,4.863,4.863,filtered-optical,30.06,25.898,63,0.46
2.256,141,TRACKING,11.894,0.874,18.106,4.68,18.196,3.865,-6.261,-2.982,6.935,121.04,166.05,1,22.921,25,1,TRUE,TRUE,498.3,299.5,498.3,299,638.8,379.3,FALSE,-6.302,-2.991,6.975,6.935,5.366,5.366,filtered-optical,25.972,25.71,63,0.44
2.272,142,TRACKING,11.893,0.88,18.096,4.97,18.46,4.263,-6.554,-3.417,7.391,129,176.92,1,16.494,24.813,1,TRUE,TRUE,488.8,289.3,489,290.2,631.6,375.8,FALSE,-6.567,-3.382,7.387,7.391,5.857,5.857,filtered-optical,20.525,25.512,63,0.45
2.288,143,TRACKING,11.891,0.886,17.986,5.161,18.601,4.641,-6.752,-3.767,7.732,134.95,185.02,1,8.854,23.638,1,TRUE,TRUE,481,280.6,480.9,280.5,624.2,371.9,FALSE,-6.71,-3.755,7.689,7.732,6.311,6.311,filtered-optical,13.788,25.114,63,0.43
2.304,144,TRACKING,11.89,0.892,17.639,5.26,18.604,4.985,-6.708,-4.034,7.828,136.62,187.18,1,0.168,21.512,1,TRUE,TRUE,478.8,273.5,479,273.2,617,367.8,FALSE,-6.714,-4.093,7.863,7.828,6.679,6.679,filtered-optical,5.851,23.722,63,0.45
2.32,145,TRACKING,11.889,0.897,17.167,5.458,18.454,5.28,-6.53,-4.413,7.881,137.55,188.23,1,-9.385,18.425,1,TRUE,TRUE,479.4,263.3,479.6,263.5,610,363.5,FALSE,-6.565,-4.382,7.894,7.881,6.97,6.97,filtered-optical,-3.113,21.369,63,0.46
2.336,146,TRACKING,11.887,0.903,16.63,5.496,18.14,5.511,-6.272,-4.639,7.801,136.16,186.12,1,-19.629,14.43,1,TRUE,TRUE,481.7,256.4,482.3,257.3,603.4,358.9,FALSE,-6.253,-4.607,7.767,7.801,7.172,7.172,filtered-optical,-12.924,18.051,63,0.44
2.352,147,TRACKING,11.886,0.909,15.893,5.386,17.654,5.664,-5.794,-4.72,7.473,130.43,178.04,1,-30.348,9.588,1,TRUE,TRUE,489.1,252.6,489.2,252.1,597.2,354.3,FALSE,-5.769,-4.755,7.476,7.473,7.245,7.245,filtered-optical,-23.395,13.826,63,0.44
2.368,148,TRACKING,11.884,0.915,15.054,5.265,17.094,5.728,-5.183,-4.791,7.058,123.19,167.87,1,-35,3.979,1,TRUE,TRUE,502.1,248.7,502.4,248.6,591.7,349.7,FALSE,-5.21,-4.813,7.093,7.058,7.2,7.2,filtered-optical,-34.301,8.758,63,0.43
2.384,149,TRACKING,11.883,0.92,14.307,5.103,16.534,5.691,-4.637,-4.82,6.689,116.74,158.84,1,-35,-2.318,1,TRUE,TRUE,515.2,245.6,514.6,246,587,345,FALSE,-4.652,-4.77,6.663,6.689,7.076,7.076,filtered-optical,-39.105,2.928,63,0.45
2.4,150,TRACKING,11.881,0.926,13.623,4.714,15.974,5.544,-4.124,-4.615,6.189,108.02,146.81,1,-35,-9.163,1,TRUE,TRUE,527.5,248,527.6,247.9,582.9,340.6,FALSE,-4.093,-4.618,6.171,6.189,6.861,6.861,filtered-optical,-39.22,-3.574,63,0.43
2.416,151,TRACKING,11.88,0.932,12.895,4.231,15.414,5.282,-3.538,-4.299,5.568,97.18,131.93,1,-35,-16.384,1,TRUE,TRUE,541.5,252.7,541.1,253.3,579.5,336.5,FALSE,-3.535,-4.35,5.605,5.568,6.547,6.547,filtered-optical,-39.299,-10.602,63,0.44
2.432,152,TRACKING,11.878,0.938,12.186,3.768,14.854,4.9,-2.943,-3.994,4.961,86.59,117.38,1,-35,-23.874,1,TRUE,TRUE,555.8,257.2,555.8,257.1,576.8,332.7,FALSE,-2.976,-3.962,4.955,4.961,6.163,6.163,filtered-optical,-39.342,-17.99,63,0.75
2.448,153,TRACKING,11.877,0.943,11.581,3.222,14.294,4.5,-2.425,-3.584,4.328,75.53,102.28,1,-35,-25,1,TRUE,TRUE,568.3,266.5,568.3,266.2,574.8,329.4,FALSE,-2.418,-3.556,4.3,4.328,5.718,5.718,filtered-optical,-39.356,-25.618,63,0.45
2.464,154,TRACKING,11.875,0.949,10.987,2.643,13.734,4.1,-1.891,-3.116,3.645,63.62,86.05,1,-35,-25,1,TRUE,TRUE,581.1,277.6,581.6,278,573.4,326.6,FALSE,-1.859,-3.151,3.658,3.645,5.216,5.216,filtered-optical,-39.339,-26.851,63,0.46
2.48,155,TRACKING,11.874,0.955,10.339,2.154,13.174,3.7,-1.28,-2.72,3.006,52.46,70.81,1,-35,-25,1,TRUE,TRUE,595.8,286.9,595,287.1,572.5,324.3,FALSE,-1.301,-2.745,3.037,3.006,4.68,4.68,filtered-optical,-39.293,-26.932,63,0.46
2.496,156,TRACKING,11.872,0.961,9.766,1.757,12.614,3.3,-0.715,-2.401,2.505,43.73,58.89,1,-35,-25,1,TRUE,TRUE,609.4,294.4,609.7,293.7,572.4,322.4,FALSE,-0.742,-2.339,2.454,2.505,4.153,4.153,filtered-optical,-39.217,-26.994,63,0.44
2.512,157,TRACKING,11.871,0.966,9.282,1.215,12.054,2.9,-0.219,-1.911,1.923,33.57,45.13,1,-35,-25,1,TRUE,TRUE,621.3,305.8,621.5,307.1,572.7,321,FALSE,-0.184,-1.933,1.942,1.923,3.612,3.612,filtered-optical,-39.118,-27.024,63,0.44
2.528,158,TRACKING,11.869,0.972,8.739,0.764,11.494,2.5,0.361,-1.497,1.54,26.87,36.15,1,-35,-25,1,TRUE,TRUE,635.3,315.5,634.6,314.9,573.6,320,FALSE,0.375,-1.528,1.573,1.54,3.11,3.11,filtered-optical,-38.994,-27.035,63,0.42
2.544,159,TRACKING,11.868,0.978,8.183,0.384,10.934,2.1,0.978,-1.137,1.5,26.18,35.5,1,-35,-25,1,TRUE,TRUE,650.1,323.8,649.8,323.2,575.1,319.4,FALSE,0.933,-1.122,1.459,1.5,2.72,2.72,filtered-optical,-38.843,-27.027,63,0.43
2.56,160,TRACKING,11.866,0.984,7.76,0.008,10.374,1.7,1.485,-0.764,1.67,29.14,39.83,1,-35,-25,1,TRUE,TRUE,662.3,332.5,662.5,333.1,577.2,319.2,FALSE,1.492,-0.716,1.655,1.67,2.465,2.465,filtered-optical,-38.67,-26.997,63,0.51
2.576,161,TRACKING,11.864,0.989,7.344,-0.488,9.814,1.3,2.004,-0.248,2.019,35.24,48.37,1,-35,-25,1,TRUE,TRUE,674.8,344.6,674.9,345.1,579.7,319.5,FALSE,2.05,-0.31,2.073,2.019,2.357,2.357,filtered-optical,-38.477,-26.942,63,0.43
2.592,162,TRACKING,11.863,0.995,6.835,-0.792,9.254,0.9,2.64,0.087,2.641,46.09,63.31,1,-35,-25,1,TRUE,TRUE,690,352.5,689.8,352.5,582.7,320.1,FALSE,2.608,0.095,2.61,2.641,2.426,2.426,filtered-optical,-38.261,-26.872,63,0.52
2.608,163,TRACKING,11.861,1.001,6.421,-1.126,8.694,0.5,3.201,0.469,3.235,56.46,77.54,1,-35,-25,1,TRUE,TRUE,703.4,361.6,703.6,361.3,586.3,321.1,FALSE,3.167,0.501,3.206,3.235,2.622,2.622,filtered-optical,-38.024,-26.785,63,0.45
2.624,164,TRACKING,11.86,1.007,6.112,-1.498,8.134,0.1,3.674,0.904,3.783,66.03,90.64,1,-35,-25,1,TRUE,TRUE,714.7,371.8,714.3,371.1,590.3,322.5,FALSE,3.725,0.907,3.834,3.783,2.904,2.904,filtered-optical,-37.773,-26.68,63,0.46
2.64,165,TRACKING,11.858,1.012,5.696,-1.884,7.574,-0.3,4.274,1.373,4.489,78.35,107.51,1,-35,-25,1,TRUE,TRUE,729.1,382.9,728.9,383.1,594.8,324.3,FALSE,4.284,1.313,4.48,4.489,3.288,3.288,filtered-optical,-37.502,-26.554,63,0.45
2.656,166,TRACKING,11.856,1.018,5.276,-2.085,7.014,-0.7,4.902,1.667,5.178,90.36,124.03,1,-35,-25,1,TRUE,TRUE,744.1,389.9,744.3,389.8,599.8,326.3,FALSE,4.842,1.718,5.138,5.178,3.746,3.746,filtered-optical,-37.211,-26.417,63,0.46
2.672,167,TRACKING,11.855,1.024,5.023,-2.42,6.454,-1.1,5.378,2.113,5.778,100.85,138.39,1,-35,-25,1,TRUE,TRUE,755.6,400.3,756.2,400.7,605.2,328.8,FALSE,5.4,2.124,5.803,5.778,4.239,4.239,filtered-optical,-36.906,-26.262,63,0.48
2.688,168,TRACKING,11.853,1.03,4.755,-2.745,5.917,-1.5,5.885,2.562,6.419,112.03,153.72,1,-33.576,-25,1,TRUE,TRUE,768.3,410.9,768.2,410.3,610.9,331.6,FALSE,5.936,2.53,6.453,6.419,4.767,4.767,filtered-optical,-36.588,-26.093,63,0.44
2.704,169,TRACKING,11.851,1.035,4.425,-2.998,5.426,-1.9,6.476,2.953,7.118,124.23,170.51,1,-30.688,-25,1,TRUE,TRUE,783.7,420,783.7,419.2,617.2,334.7,FALSE,6.425,2.935,7.064,7.118,5.337,5.337,filtered-optical,-34.828,-25.911,63,0.44
2.72,170,TRACKING,11.85,1.041,4.303,-3.176,5.004,-2.3,6.871,3.28,7.614,132.88,182.43,1,-26.389,-25,1,TRUE,TRUE,795,427.5,794.5,426.9,623.8,338,FALSE,6.846,3.341,7.618,7.614,5.889,5.889,filtered-optical,-31.597,-25.72,63,0.46
2.736,171,TRACKING,11.848,1.047,4.346,-3.507,4.672,-2.7,7.11,3.776,8.051,140.52,192.81,1,-20.748,-25,1,TRUE,TRUE,803,439.1,803.5,438.8,630.6,341.8,FALSE,7.176,3.747,8.095,8.051,6.413,6.413,filtered-optical,-26.949,-25.511,63,0.45
2.752,172,TRACKING,11.846,1.053,4.342,-3.718,4.451,-3.083,7.405,4.168,8.498,148.31,203.48,1,-13.826,-23.953,1,TRUE,TRUE,812.9,448.7,812.4,449.2,637.6,345.9,FALSE,7.396,4.136,8.474,8.498,6.918,6.918,filtered-optical,-20.957,-25.289,63,0.43
2.768,173,TRACKING,11.845,1.058,4.497,-3.823,4.359,-3.434,7.547,4.461,8.767,153.01,209.88,1,-5.709,-21.906,1,TRUE,TRUE,819.6,456.4,819,456.3,644.8,350.2,FALSE,7.485,4.492,8.73,8.767,7.367,7.367,filtered-optical,-13.685,-24.015,63,0.47
2.784,174,TRACKING,11.843,1.064,4.948,-3.934,4.414,-3.736,7.386,4.772,8.793,153.47,210.32,1,3.424,-18.875,1,TRUE,TRUE,819.3,464.9,818.8,464.7,651.7,354.7,FALSE,7.429,4.8,8.845,8.793,7.712,7.712,filtered-optical,-5.233,-21.733,63,0.45
2.8,175,TRACKING,11.841,1.07,5.441,-4.046,4.629,-3.972,7.174,5.094,8.798,153.56,210.2,1,13.417,-14.756,1,TRUE,TRUE,818.1,474.1,817.8,473.9,658.5,359.5,FALSE,7.213,5.042,8.8,8.798,7.976,7.976,filtered-optical,4.22,-18.457,63,0.45
2.816,176,TRACKING,11.84,1.075,5.998,-3.941,5.015,-4.13,6.888,5.203,8.633,150.67,206.06,1,24.118,-9.855,1,TRUE,TRUE,815.4,478.7,815.4,478.9,665.1,364.4,FALSE,6.825,5.205,8.583,8.633,8.135,8.135,filtered-optical,14.513,-14.093,63,0.43
2.832,177,TRACKING,11.838,1.081,6.866,-3.75,5.575,-4.196,6.267,5.228,8.161,142.44,194.5,1,35,-4.125,1,TRUE,TRUE,804.5,481.5,804.4,482.1,671,369.3,FALSE,6.263,5.277,8.19,8.161,8.141,8.141,filtered-optical,25.48,-8.953,63,0.51
2.848,178,TRACKING,11.836,1.087,7.713,-3.577,6.135,-4.158,5.637,5.271,7.717,134.69,183.61,1,35,2.365,1,TRUE,TRUE,789.2,485,789.6,485.5,676.3,374.2,FALSE,5.701,5.245,7.747,7.717,8.039,8.039,filtered-optical,36.588,-2.986,63,0.45
2.864,179,TRACKING,11.834,1.093,8.372,-3.226,6.695,-4.006,5.17,5.131,7.284,127.13,173.13,1,35,9.496,1,TRUE,TRUE,777.8,484.4,777.4,485,680.9,379,FALSE,5.14,5.099,7.24,7.284,7.856,7.856,filtered-optical,36.781,3.73,63,0.43
2.88,180,TRACKING,11.833,1.098,9.083,-2.695,7.255,-3.732,4.625,4.796,6.663,116.29,158.23,1,35,17.088,1,TRUE,TRUE,764.6,479.3,765.3,479.4,684.9,383.5,FALSE,4.578,4.831,6.655,6.663,7.567,7.567,filtered-optical,36.94,11.064,63,0.44
2.896,181,TRACKING,11.831,1.104,9.879,-2.127,7.815,-3.333,3.963,4.41,5.929,103.48,140.63,1,35,24.987,1,TRUE,TRUE,748.5,473.1,747.7,473.2,688.2,387.6,FALSE,4.016,4.437,5.985,5.929,7.17,7.17,filtered-optical,37.058,18.836,63,0.49
2.912,182,TRACKING,11.829,1.11,10.514,-1.654,8.375,-2.933,3.437,4.102,5.352,93.41,126.81,1,35,25,1,TRUE,TRUE,735.8,465.7,735.2,466.4,690.8,391.4,FALSE,3.454,4.043,5.317,5.352,6.729,6.729,filtered-optical,37.146,26.893,63,0.44
2.928,183,TRACKING,11.827,1.116,11.088,-1.04,8.935,-2.533,2.952,3.631,4.68,81.68,110.81,1,35,25,1,TRUE,TRUE,724.1,454.6,724.7,454.9,693,394.6,FALSE,2.893,3.648,4.656,4.68,6.232,6.232,filtered-optical,37.208,27.033,63,0.44
2.944,184,TRACKING,11.826,1.121,11.784,-0.506,9.495,-2.133,2.317,3.22,3.967,69.24,93.8,1,35,25,1,TRUE,TRUE,708.8,444.8,709.4,445.4,694.5,397.4,FALSE,2.331,3.254,4.003,3.967,5.683,5.683,filtered-optical,37.237,27.134,63,0.43
2.96,185,TRACKING,11.824,1.127,12.416,-0.053,10.055,-1.733,1.72,2.873,3.349,58.44,79.03,1,35,25,1,TRUE,TRUE,694.5,436.7,694.7,437.2,695.4,399.7,FALSE,1.769,2.86,3.363,3.349,5.117,5.117,filtered-optical,37.236,27.213,63,0.45
2.976,186,TRACKING,11.822,1.133,12.907,0.394,10.615,-1.333,1.244,2.515,2.806,48.97,66.11,1,35,25,1,TRUE,TRUE,683.1,428.3,683.5,428.4,695.8,401.7,FALSE,1.207,2.465,2.745,2.806,4.557,4.557,filtered-optical,37.212,27.269,63,0.43
2.992,187,TRACKING,11.82,1.138,13.469,0.965,11.175,-0.933,0.673,2.011,2.121,37.01,49.86,1,35,25,1,TRUE,TRUE,669.4,416.5,668.9,417.3,695.6,403.1,FALSE,0.645,2.071,2.169,2.121,3.966,3.966,filtered-optical,37.159,27.298,63,0.43
3.008,188,TRACKING,11.818,1.144,14.072,1.347,11.735,-0.533,0.037,1.681,1.681,29.34,39.43,1,35,25,1,TRUE,TRUE,654.3,408.9,654.4,408.8,694.9,404.2,FALSE,0.084,1.677,1.679,1.681,3.412,3.412,filtered-optical,37.08,27.308,63,0.49
3.024,189,TRACKING,11.816,1.15,14.535,1.748,12.295,-0.133,-0.482,1.315,1.401,24.45,32.93,1,35,25,1,TRUE,TRUE,641.9,400.4,641.6,400.2,693.6,404.9,FALSE,-0.478,1.283,1.369,1.401,2.925,2.925,filtered-optical,36.978,27.298,63,0.43
3.04,190,TRACKING,11.815,1.156,14.976,2.186,12.855,0.267,-0.996,0.895,1.339,23.37,31.78,1,35,25,1,TRUE,TRUE,629.7,390.5,630,390.7,691.9,405.2,FALSE,-1.04,0.888,1.368,1.339,2.54,2.54,filtered-optical,36.858,27.268,63,0.43
3.056,191,TRACKING,11.813,1.161,15.501,2.648,13.415,0.667,-1.618,0.432,1.675,29.23,40.08,1,35,25,1,TRUE,TRUE,614.8,379.7,614.7,379.4,689.6,405,FALSE,-1.602,0.494,1.676,1.675,2.33,2.33,filtered-optical,36.712,27.215,63,0.93
3.072,192,TRACKING,11.811,1.167,15.961,2.918,13.975,1.067,-2.197,0.149,2.202,38.43,52.76,1,35,25,1,TRUE,TRUE,601,373,601.3,372.7,686.8,404.6,FALSE,-2.164,0.1,2.166,2.202,2.299,2.299,filtered-optical,36.546,27.149,63,0.53
3.088,193,TRACKING,11.809,1.173,16.327,3.317,14.535,1.467,-2.697,-0.281,2.712,47.33,65,1,35,25,1,TRUE,TRUE,588.9,362.8,589.5,362.4,683.6,403.7,FALSE,-2.726,-0.295,2.742,2.712,2.399,2.399,filtered-optical,36.363,27.063,63,0.47
3.104,194,TRACKING,11.807,1.178,16.742,3.707,15.095,1.867,-3.269,-0.719,3.347,58.41,80.18,1,35,25,1,TRUE,TRUE,575.2,352.5,575.4,352.3,679.9,402.4,FALSE,-3.288,-0.689,3.359,3.347,2.629,2.629,filtered-optical,36.161,26.96,63,0.47
3.12,195,TRACKING,11.805,1.184,17.178,4.033,15.655,2.267,-3.882,-1.106,4.037,70.46,96.69,1,35,25,1,TRUE,TRUE,560.4,343.3,560.3,343.5,675.7,400.9,FALSE,-3.849,-1.083,3.999,4.037,2.97,2.97,filtered-optical,35.937,26.841,63,0.47
3.136,196,TRACKING,11.803,1.19,17.518,4.267,16.215,2.667,-4.417,-1.414,4.638,80.94,111.08,1,35,25,1,TRUE,TRUE,547.5,336.1,547.8,336.2,671.1,399,FALSE,-4.411,-1.477,4.652,4.638,3.375,3.375,filtered-optical,35.699,26.712,63,0.45
3.152,197,TRACKING,11.801,1.196,17.829,4.661,16.775,3.067,-4.94,-1.899,5.293,92.38,126.73,1,35,25,1,TRUE,TRUE,534.8,324.7,534.9,324.2,666,396.7,FALSE,-4.973,-1.872,5.314,5.293,3.84,3.84,filtered-optical,35.446,26.562,63,0.45
3.168,198,TRACKING,11.8,1.201,18.198,4.954,17.335,3.467,-5.541,-2.298,5.999,104.69,143.65,1,35,25,1,TRUE,TRUE,520.3,315.4,520.3,314.8,660.5,394.1,FALSE,-5.535,-2.266,5.981,5.999,4.363,4.363,filtered-optical,35.175,26.399,63,0.44
3.184,199,TRACKING,11.798,1.207,18.526,5.173,17.887,3.867,-6.12,-2.634,6.663,116.29,159.61,1,34.518,25,1,TRUE,TRUE,506.1,307.6,505.7,307,654.6,391.2,FALSE,-6.089,-2.66,6.645,6.663,4.92,4.92,filtered-optical,34.889,26.226,63,0.47
3.2,200,TRACKING,11.796,1.213,18.739,5.431,18.408,4.267,-6.596,-3.021,7.255,126.63,173.83,1,32.59,25,1,TRUE,TRUE,493.8,298.6,494.2,298.2,648.3,388.1,FALSE,-6.613,-3.055,7.284,7.255,5.486,5.486,filtered-optical,34.11,26.042,63,0.43
3.216,201,TRACKING,11.794,1.218,18.921,5.768,18.876,4.667,-7.057,-3.502,7.878,137.49,188.75,1,29.249,25,1,TRUE,TRUE,481.3,287.3,482.4,287.5,641.7,384.6,FALSE,-7.083,-3.449,7.878,7.878,6.066,6.066,filtered-optical,31.877,25.844,63,0.44
3.232,202,TRACKING,11.792,1.224,19.074,5.954,19.268,5.067,-7.504,-3.843,8.43,147.14,202.05,1,24.492,25,1,TRUE,TRUE,468.6,279.3,468.5,279.7,634.7,380.8,FALSE,-7.476,-3.843,8.406,8.43,6.639,6.639,filtered-optical,28.218,25.637,63,0.43
3.248,203,TRACKING,11.79,1.23,19.056,6.127,19.562,5.46,-7.79,-4.182,8.842,154.32,211.92,1,18.387,24.52,1,TRUE,TRUE,459.3,271.2,458.8,271.2,627.5,376.8,FALSE,-7.773,-4.23,8.849,8.842,7.173,7.173,filtered-optical,23.14,25.422,63,0.43
3.264,204,TRACKING,11.788,1.236,18.876,6.379,19.739,5.828,-7.915,-4.613,9.161,159.88,219.44,1,11.063,23.008,1,TRUE,TRUE,453.5,260.4,454,261,620.2,372.4,FALSE,-7.952,-4.592,9.182,9.161,7.655,7.655,filtered-optical,16.718,24.716,63,0.43
3.28,205,TRACKING,11.786,1.241,18.646,6.525,19.781,6.155,-7.992,-4.951,9.402,164.09,225.12,1,2.613,20.458,1,TRUE,TRUE,448.4,251.4,448.3,250.9,612.9,367.8,FALSE,-7.995,-4.914,9.385,9.402,8.078,8.078,filtered-optical,9.081,22.966,63,0.44
3.296,206,TRACKING,11.784,1.247,18.281,6.521,19.672,6.426,-7.931,-5.145,9.453,164.99,226.25,1,-6.826,16.935,1,TRUE,TRUE,446.2,245.4,446.7,245.2,605.7,363,FALSE,-7.888,-5.179,9.436,9.453,8.412,8.412,filtered-optical,0.328,20.178,63,0.43
3.312,207,TRACKING,11.782,1.253,17.661,6.518,19.399,6.626,-7.601,-5.345,9.292,162.18,222.14,1,-17.063,12.476,1,TRUE,TRUE,450.4,238.9,449.9,238.3,598.7,358.1,FALSE,-7.617,-5.373,9.321,9.292,8.625,8.625,filtered-optical,-9.392,16.413,63,0.44
3.328,208,TRACKING,11.78,1.258,16.922,6.501,18.953,6.74,-7.134,-5.538,9.032,157.63,215.59,1,-27.886,7.123,1,TRUE,TRUE,457.5,232.2,457.2,232.2,592.3,353.1,FALSE,-7.173,-5.481,9.028,9.032,8.724,8.724,filtered-optical,-19.885,11.71,63,0.43
3.344,209,TRACKING,11.778,1.264,16.189,6.236,18.393,6.756,-6.653,-5.48,8.619,150.43,205.52,1,-35,0.998,1,TRUE,TRUE,466.5,231.3,466.1,231.5,586.3,348.1,FALSE,-6.615,-5.492,8.597,8.619,8.698,8.698,filtered-optical,-30.934,6.123,63,0.45
3.36,210,TRACKING,11.776,1.27,15.394,5.911,17.833,6.663,-6.081,-5.357,8.103,141.43,192.99,1,-35,-5.785,1,TRUE,TRUE,480.3,231.7,480.3,231.8,581,343.2,FALSE,-6.057,-5.393,8.11,8.103,8.554,8.554,filtered-optical,-38.238,-0.226,63,0.44
3.376,211,TRACKING,11.774,1.275,14.567,5.55,17.273,6.453,-5.446,-5.189,7.523,131.3,178.92,0.999,-35,-13.109,1,TRUE,TRUE,495.7,233,495.5,233.8,576.4,338.6,FALSE,-5.499,-5.178,7.553,7.523,8.304,8.304,filtered-optical,-38.39,-7.22,63,0.44
3.392,212,TRACKING,11.772,1.281,13.896,5.066,16.713,6.12,-4.944,-4.889,6.953,121.35,165.23,0.998,-35,-20.861,1,TRUE,TRUE,507.8,237.3,507.3,236.7,572.4,334.1,FALSE,-4.941,-4.838,6.916,6.953,7.976,7.976,filtered-optical,-38.513,-14.739,63,0.43
3.408,213,TRACKING,11.77,1.287,13.248,4.391,16.153,5.72,-4.439,-4.376,6.233,108.78,148.05,0.997,-35,-25,1,TRUE,TRUE,519.9,247.9,519.9,247.9,569,330.2,FALSE,-4.383,-4.433,6.234,6.233,7.554,7.554,filtered-optical,-38.605,-22.655,63,0.46
3.424,214,TRACKING,11.768,1.293,12.487,3.898,15.593,5.32,-3.793,-4.026,5.532,96.55,131.24,0.996,-35,-25,1,TRUE,TRUE,535.4,256.2,535.5,256.1,566.3,326.7,FALSE,-3.825,-4.027,5.554,5.532,7.064,7.064,filtered-optical,-38.662,-26.936,63,0.43
3.44,215,TRACKING,11.766,1.298,11.831,3.4,15.033,4.92,-3.226,-3.654,4.874,85.07,115.52,0.995,-35,-25,1,TRUE,TRUE,549,264.9,549.6,264.8,564.2,323.6,FALSE,-3.267,-3.621,4.877,4.874,6.533,6.533,filtered-optical,-38.69,-27.053,63,0.45
3.456,216,TRACKING,11.763,1.304,11.303,2.866,14.473,4.52,-2.765,-3.226,4.249,74.16,100.65,0.993,-35,-25,1,TRUE,TRUE,560.1,275,560.7,275.4,562.6,321,FALSE,-2.709,-3.216,4.205,4.249,5.979,5.979,filtered-optical,-38.693,-27.144,63,0.44
3.472,217,TRACKING,11.761,1.31,10.659,2.3,13.913,4.12,-2.165,-2.746,3.496,61.02,82.72,0.992,-35,-25,1,TRUE,TRUE,574.5,286.2,574.8,286,561.6,318.8,FALSE,-2.152,-2.81,3.539,3.496,5.377,5.377,filtered-optical,-38.669,-27.21,63,0.44
3.488,218,TRACKING,11.759,1.315,10.006,1.935,13.353,3.72,-1.528,-2.45,2.888,50.41,68.17,0.991,-35,-25,1,TRUE,TRUE,589.8,293,590.1,293.5,561.3,317,FALSE,-1.594,-2.404,2.884,2.888,4.774,4.774,filtered-optical,-38.615,-27.257,63,0.45
3.504,219,TRACKING,11.757,1.321,9.537,1.446,12.793,3.32,-1.058,-2.014,2.275,39.71,53.61,0.99,-35,-25,1,TRUE,TRUE,601.2,303.2,601,303.3,561.4,315.7,FALSE,-1.036,-1.998,2.251,2.275,4.168,4.168,filtered-optical,-38.541,-27.282,63,0.44
3.52,220,TRACKING,11.755,1.327,9.036,0.963,12.233,2.92,-0.533,-1.565,1.653,28.86,38.86,0.989,-35,-25,1,TRUE,TRUE,613.8,313.7,614.2,313.6,562,314.8,FALSE,-0.478,-1.593,1.663,1.653,3.558,3.558,filtered-optical,-38.443,-27.284,63,0.43
3.536,221,TRACKING,11.753,1.332,8.421,0.542,11.673,2.52,0.132,-1.159,1.167,20.36,27.37,0.988,-35,-25,1,TRUE,TRUE,629.8,323.3,630.1,323.6,563.3,314.3,FALSE,0.08,-1.187,1.19,1.167,2.979,2.979,filtered-optical,-38.317,-27.265,63,0.47
3.552,222,TRACKING,11.751,1.338,7.958,0.226,11.113,2.12,0.665,-0.846,1.077,18.79,25.46,0.987,-35,-25,1,TRUE,TRUE,642.7,330.7,642.8,330.8,565,314.1,FALSE,0.638,-0.781,1.009,1.077,2.518,2.518,filtered-optical,-38.171,-27.232,63,0.43
3.568,223,TRACKING,11.749,1.344,7.582,-0.253,10.553,1.72,1.129,-0.35,1.182,20.63,28.27,0.986,-35,-25,1,TRUE,TRUE,653.8,342.4,654.2,342.6,567.2,314.3,FALSE,1.196,-0.376,1.253,1.182,2.194,2.194,filtered-optical,-38.007,-27.175,63,0.43
3.584,224,TRACKING,11.746,1.349,7.06,-0.632,9.993,1.32,1.762,0.062,1.763,30.77,42.25,0.985,-35,-25,1,TRUE,TRUE,669,352.1,669.4,352.2,569.9,315,FALSE,1.754,0.03,1.754,1.763,2.089,2.089,filtered-optical,-37.82,-27.1,63,0.44
3.6,225,TRACKING,11.744,1.355,6.581,-0.938,9.433,0.92,2.373,0.414,2.409,42.04,57.7,0.984,-35,-25,1,TRUE,TRUE,683.6,360.5,683.1,360.4,573.1,315.9,FALSE,2.311,0.436,2.352,2.409,2.167,2.167,filtered-optical,-37.613,-27.011,63,0.43
3.616,226,TRACKING,11.742,1.361,6.273,-1.265,8.873,0.52,2.828,0.803,2.94,51.31,70.37,0.983,-35,-25,1,TRUE,TRUE,694.5,369.6,693.7,369.7,576.7,317.2,FALSE,2.869,0.841,2.99,2.94,2.354,2.354,filtered-optical,-37.392,-26.905,63,0.44
3.632,227,TRACKING,11.74,1.367,5.879,-1.684,8.313,0.12,3.389,1.301,3.63,63.35,86.81,0.982,-35,-25,1,TRUE,TRUE,707.9,381.3,707.3,381,580.7,319,FALSE,3.427,1.247,3.647,3.63,2.663,2.663,filtered-optical,-37.152,-26.78,63,0.45
3.648,228,TRACKING,11.738,1.372,5.412,-1.943,7.753,-0.28,4.045,1.654,4.37,76.27,104.52,0.981,-35,-25,1,TRUE,TRUE,723.6,389.5,723,389.9,585.3,321,FALSE,3.985,1.653,4.314,4.37,3.077,3.077,filtered-optical,-36.892,-26.641,63,0.47
3.664,229,TRACKING,11.736,1.378,5.115,-2.196,7.193,-0.68,4.548,2.013,4.974,86.81,118.95,0.981,-35,-25,1,TRUE,TRUE,735.6,397.8,735.7,398.2,590.3,323.4,FALSE,4.543,2.058,4.987,4.974,3.537,3.537,filtered-optical,-36.616,-26.49,63,0.44
3.68,230,TRACKING,11.733,1.384,4.844,-2.541,6.633,-1.08,5.04,2.479,5.617,98.03,134.29,0.98,-35,-25,1,TRUE,TRUE,747.4,408.7,746.8,408.5,595.7,326.1,FALSE,5.1,2.464,5.664,5.617,4.041,4.041,filtered-optical,-36.329,-26.323,63,0.44
3.696,231,TRACKING,11.731,1.389,4.451,-2.839,6.08,-1.48,5.676,2.912,6.38,111.34,152.58,0.979,-34.533,-25,1,TRUE,TRUE,762.9,418.8,762.9,418.5,601.6,329.1,FALSE,5.651,2.87,6.338,6.38,4.608,4.608,filtered-optical,-36.022,-26.142,63,0.44
3.712,232,TRACKING,11.729,1.395,4.173,-3.021,5.559,-1.88,6.214,3.241,7.008,122.32,167.69,0.978,-32.58,-25,1,TRUE,TRUE,776.6,426.5,776.7,426.8,607.9,332.4,FALSE,6.17,3.275,6.985,7.008,5.19,5.19,filtered-optical,-35.234,-25.95,63,0.44
3.728,233,TRACKING,11.727,1.401,4.07,-3.272,5.092,-2.28,6.589,3.652,7.533,131.48,180.24,0.978,-29.209,-25,1,TRUE,TRUE,787,436.2,786.4,436.7,614.4,336.1,FALSE,6.635,3.681,7.588,7.533,5.758,5.758,filtered-optical,-32.954,-25.746,63,0.45
3.744,234,TRACKING,11.724,1.406,3.941,-3.584,4.701,-2.68,7.005,4.141,8.137,142.02,194.68,0.977,-24.427,-25,1,TRUE,TRUE,799,447.8,799.3,447.9,621.3,340.1,FALSE,7.024,4.087,8.126,8.137,6.335,6.335,filtered-optical,-29.244,-25.527,63,0.43
3.76,235,TRACKING,11.722,1.412,3.879,-3.728,4.408,-3.065,7.365,4.471,8.616,150.38,206.18,0.976,-18.278,-24.04,1,TRUE,TRUE,810.2,456,809.9,455.9,628.5,344.3,FALSE,7.314,4.477,8.575,8.616,6.888,6.888,filtered-optical,-24.117,-25.301,63,0.44
3.776,236,TRACKING,11.72,1.418,4.068,-3.855,4.235,-3.418,7.478,4.796,8.884,155.05,212.51,0.976,-10.872,-22.039,1,TRUE,TRUE,815.9,464.5,815.8,464.9,635.8,348.8,FALSE,7.485,4.835,8.911,8.884,7.372,7.372,filtered-optical,-17.626,-24.105,63,0.44
3.792,237,TRACKING,11.718,1.423,4.369,-4.004,4.197,-3.722,7.477,5.155,9.082,158.51,217.11,0.975,-2.347,-18.999,1,TRUE,TRUE,819.3,474.2,818.5,474.4,643.1,353.6,FALSE,7.521,5.145,9.112,9.082,7.786,7.786,filtered-optical,-9.886,-21.858,63,0.45
3.808,238,TRACKING,11.715,1.429,4.717,-4.073,4.312,-3.961,7.43,5.442,9.209,160.73,220.03,0.975,7.203,-14.956,1,TRUE,TRUE,821.9,482.5,822.4,482.1,650.3,358.6,FALSE,7.403,5.39,9.157,9.209,8.131,8.131,filtered-optical,-1.033,-18.568,63,0.46
3.824,239,TRACKING,11.713,1.435,5.288,-3.912,4.593,-4.121,7.147,5.502,9.02,157.43,215.33,0.974,17.58,-9.993,1,TRUE,TRUE,819.1,485.8,818.6,486.1,657.3,363.6,FALSE,7.12,5.556,9.031,9.02,8.347,8.347,filtered-optical,8.823,-14.276,63,0.43
3.84,240,TRACKING,11.711,1.44,6.079,-3.81,5.05,-4.188,6.624,5.623,8.689,151.65,207.13,0.974,28.558,-4.178,1,TRUE,TRUE,810.7,490.8,810.2,490.3,663.8,368.7,FALSE,6.66,5.628,8.72,8.689,8.43,8.43,filtered-optical,19.479,-9.067,63,0.43
3.856,241,TRACKING,11.708,1.446,6.862,-3.592,5.61,-4.149,6.088,5.628,8.291,144.7,197.37,0.973,35,2.414,1,TRUE,TRUE,800.1,493.3,799.4,493.2,669.7,373.8,FALSE,6.098,5.595,8.276,8.291,8.396,8.396,filtered-optical,30.703,-3.011,63,0.45
3.872,242,TRACKING,11.706,1.452,7.599,-3.207,6.17,-3.995,5.572,5.46,7.802,136.16,185.53,0.973,35,9.652,1,TRUE,TRUE,787.6,492,787.9,491.7,675.1,378.8,FALSE,5.536,5.446,7.766,7.802,8.252,8.252,filtered-optical,37.359,3.811,63,0.44
3.888,243,TRACKING,11.704,1.457,8.396,-2.652,6.73,-3.717,4.969,5.109,7.127,124.39,169.32,0.973,35,17.376,1,TRUE,TRUE,772.9,486.5,773.5,486.7,679.8,383.4,FALSE,4.973,5.174,7.177,7.127,7.979,7.979,filtered-optical,37.537,11.258,63,0.44
3.904,244,TRACKING,11.701,1.463,9.152,-2.174,7.29,-3.317,4.379,4.823,6.514,113.69,154.58,0.972,35,25,1,TRUE,TRUE,758.6,482.6,758.8,482.2,683.8,387.8,FALSE,4.411,4.78,6.504,6.514,7.624,7.624,filtered-optical,37.679,19.172,63,0.51
3.92,245,TRACKING,11.699,1.469,9.807,-1.582,7.85,-2.917,3.864,4.403,5.858,102.25,138.92,0.972,35,25,1,TRUE,TRUE,746.1,472.8,745.7,472.6,687.2,391.7,FALSE,3.849,4.385,5.835,5.858,7.196,7.196,filtered-optical,37.789,26.959,63,0.46
3.936,246,TRACKING,11.697,1.474,10.475,-0.993,8.41,-2.517,3.312,3.966,5.167,90.18,122.41,0.972,35,25,1,TRUE,TRUE,732.8,462.5,732.7,462.1,690.1,395.1,FALSE,3.286,3.991,5.17,5.167,6.704,6.704,filtered-optical,37.87,27.094,63,0.46
3.952,247,TRACKING,11.694,1.48,11.175,-0.458,8.97,-2.117,2.7,3.564,4.472,78.04,105.8,0.972,35,25,1,TRUE,TRUE,718,453.1,717.5,453.5,692.3,398.1,FALSE,2.724,3.597,4.512,4.472,6.163,6.163,filtered-optical,37.918,27.206,63,0.48
3.968,248,TRACKING,11.692,1.486,11.797,-0.043,9.53,-1.717,2.144,3.268,3.908,68.22,92.33,0.972,35,25,1,TRUE,TRUE,704.6,446.2,704.6,446.6,693.9,400.8,FALSE,2.162,3.202,3.864,3.908,5.616,5.616,filtered-optical,37.938,27.298,63,0.44
3.984,249,TRACKING,11.69,1.491,12.354,0.538,10.09,-1.317,1.63,2.785,3.227,56.32,76.14,0.972,35,25,1,TRUE,TRUE,692.4,434.9,692.9,434.4,695,402.9,FALSE,1.599,2.808,3.231,3.227,5.037,5.037,filtered-optical,37.934,27.362,63,0.44
4,250,TRACKING,11.687,1.497,12.96,1.02,10.65,-0.917,1.045,2.382,2.601,45.39,61.23,0.972,35,25,1,TRUE,TRUE,678.4,425.5,678.6,425.3,695.5,404.7,FALSE,1.037,2.414,2.627,2.601,4.446,4.446,filtered-optical,37.902,27.403,63,0.45
4.016,251,TRACKING,11.685,1.503,13.561,1.427,11.21,-0.517,0.438,2.036,2.083,36.35,48.9,0.972,35,25,1,TRUE,TRUE,663.9,417.3,663.3,416.1,695.4,406,FALSE,0.474,2.019,2.074,2.083,3.873,3.873,filtered-optical,37.841,27.423,63,0.44
4.032,252,TRACKING,11.682,1.508,14.054,1.844,11.77,-0.117,-0.081,1.668,1.67,29.15,39.18,0.972,35,25,1,TRUE,TRUE,651.5,408.6,651.8,408.9,694.9,407,FALSE,-0.088,1.625,1.627,1.67,3.339,3.339,filtered-optical,37.76,27.427,63,0.45
4.048,253,TRACKING,11.68,1.514,14.54,2.365,12.33,0.283,-0.613,1.176,1.326,23.14,31.24,0.972,35,25,1,TRUE,TRUE,638.8,396.9,639,397.5,693.8,407.5,FALSE,-0.65,1.231,1.392,1.326,2.851,2.851,filtered-optical,37.656,27.407,63,0.44
4.064,254,TRACKING,11.678,1.52,15.094,2.721,12.89,0.683,-1.237,0.834,1.492,26.04,35.51,0.972,35,25,1,TRUE,TRUE,623.9,388.8,624,389.5,692.2,407.7,FALSE,-1.213,0.836,1.473,1.492,2.522,2.522,filtered-optical,37.527,27.37,63,0.44
4.08,255,TRACKING,11.675,1.525,15.57,3.069,13.45,1.083,-1.805,0.486,1.87,32.63,44.73,0.972,35,25,1,TRUE,TRUE,610.3,380.6,609.9,381.1,690.1,407.6,FALSE,-1.775,0.442,1.829,1.87,2.364,2.364,filtered-optical,37.376,27.317,63,0.46
4.096,256,TRACKING,11.673,1.531,15.95,3.496,14.01,1.483,-2.296,0.039,2.296,40.08,55.04,0.973,35,25,1,TRUE,TRUE,598.6,370.1,598,370.1,687.5,407,FALSE,-2.338,0.048,2.338,2.296,2.347,2.347,filtered-optical,37.206,27.242,63,0.44
4.112,257,TRACKING,11.67,1.537,16.412,3.893,14.57,1.883,-2.888,-0.393,2.914,50.87,69.84,0.973,35,25,1,TRUE,TRUE,584.3,360,584.9,360.3,684.4,406.1,FALSE,-2.9,-0.347,2.921,2.914,2.485,2.485,filtered-optical,37.018,27.15,63,0.44
4.128,258,TRACKING,11.668,1.542,16.885,4.159,15.13,2.283,-3.514,-0.707,3.585,62.57,85.91,0.973,35,25,1,TRUE,TRUE,569.2,352.7,569,352.6,680.8,404.8,FALSE,-3.463,-0.741,3.541,3.585,2.751,2.751,filtered-optical,36.806,27.044,63,0.45
4.144,259,TRACKING,11.665,1.548,17.213,4.496,15.69,2.683,-4.012,-1.106,4.161,72.63,99.69,0.974,35,25,1,TRUE,TRUE,557.2,343.5,557.7,343.5,676.8,403.2,FALSE,-4.025,-1.136,4.182,4.161,3.093,3.093,filtered-optical,36.58,26.924,63,0.44
4.16,260,TRACKING,11.663,1.553,17.552,4.892,16.25,3.083,-4.539,-1.58,4.806,83.88,115.08,0.974,35,25,1,TRUE,TRUE,544.5,332.4,544.4,333.1,672.4,401.2,FALSE,-4.588,-1.53,4.836,4.806,3.508,3.508,filtered-optical,36.338,26.786,63,0.43
4.176,261,TRACKING,11.66,1.559,17.993,5.145,16.81,3.483,-5.19,-1.924,5.535,96.61,132.59,0.975,35,25,1,TRUE,TRUE,528.7,324.4,528.1,324.5,667.4,399,FALSE,-5.15,-1.924,5.498,5.535,4,4,filtered-optical,36.074,26.635,63,0.44
4.192,262,TRACKING,11.658,1.565,18.318,5.394,17.37,3.883,-5.743,-2.277,6.178,107.83,148.01,0.975,35,25,1,TRUE,TRUE,515.3,316.2,514.9,316.7,662,396.4,FALSE,-5.713,-2.319,6.165,6.178,4.528,4.528,filtered-optical,35.795,26.474,63,0.44
4.208,263,TRACKING,11.655,1.57,18.549,5.72,17.93,4.283,-6.216,-2.721,6.786,118.43,162.56,0.975,35,25,1,TRUE,TRUE,503.9,305.7,504,305.4,656.2,393.5,FALSE,-6.275,-2.713,6.836,6.786,5.075,5.075,filtered-optical,35.506,26.296,63,0.44
4.224,264,TRACKING,11.653,1.576,18.888,6.024,18.47,4.683,-6.817,-3.159,7.513,131.13,180.05,0.976,33.742,25,1,TRUE,TRUE,488.9,295.3,488.7,295.5,650,390.2,FALSE,-6.817,-3.107,7.492,7.513,5.666,5.666,filtered-optical,35.2,26.104,63,0.45
4.24,265,TRACKING,11.65,1.582,19.168,6.173,18.966,5.083,-7.378,-3.452,8.145,142.16,195.32,0.977,30.977,25,1,TRUE,TRUE,474.2,288.3,473.8,288.3,643.4,386.7,FALSE,-7.316,-3.502,8.11,8.145,6.267,6.267,filtered-optical,33.62,25.905,63,0.44
4.256,266,TRACKING,11.648,1.587,19.216,6.45,19.395,5.483,-7.714,-3.886,8.638,150.76,207.11,0.977,26.8,25,1,TRUE,TRUE,464.5,278,465.5,277.9,636.5,382.9,FALSE,-7.747,-3.896,8.671,8.638,6.842,6.842,filtered-optical,30.531,25.693,63,0.44
4.272,267,TRACKING,11.645,1.593,19.244,6.714,19.735,5.881,-8.043,-4.321,9.131,159.36,218.91,0.978,21.248,24.83,1,TRUE,TRUE,454.3,267.7,454.4,267.8,629.4,378.7,FALSE,-8.089,-4.288,9.156,9.131,7.397,7.397,filtered-optical,26.023,25.469,63,0.45
4.288,268,TRACKING,11.643,1.599,19.268,6.885,19.964,6.258,-8.38,-4.676,9.596,167.49,230.12,0.978,14.344,23.586,1,TRUE,TRUE,443.5,258.8,442.8,258.4,621.9,374.3,FALSE,-8.322,-4.659,9.537,9.596,7.93,7.93,filtered-optical,20.132,25.065,63,0.44
4.304,269,TRACKING,11.64,1.604,19.014,6.95,20.064,6.599,-8.439,-4.93,9.773,170.58,234.29,0.979,6.232,21.331,1,TRUE,TRUE,438.9,252,439.1,252.7,614.5,369.8,FALSE,-8.424,-4.995,9.793,9.773,8.377,8.377,filtered-optical,12.896,23.584,63,0.44
4.32,270,TRACKING,11.638,1.61,18.581,7.134,20.017,6.888,-8.312,-5.317,9.868,172.22,236.32,0.98,-2.921,18.035,1,TRUE,TRUE,438.5,241.7,438.8,241.4,607.2,364.8,FALSE,-8.38,-5.278,9.903,9.868,8.738,8.738,filtered-optical,4.466,21.081,63,0.44
4.336,271,TRACKING,11.635,1.615,18.161,7.122,19.809,7.11,-8.195,-5.516,9.879,172.41,236.44,0.981,-12.999,13.909,1,TRUE,TRUE,437.4,235.6,437.1,235.3,600,359.8,FALSE,-8.174,-5.495,9.849,9.879,9.015,9.015,filtered-optical,-4.994,17.534,63,0.44
4.352,272,TRACKING,11.632,1.621,17.528,6.999,19.428,7.249,-7.852,-5.605,9.647,168.38,230.68,0.981,-23.808,8.683,1,TRUE,TRUE,441.6,231.5,442,230.8,593.1,354.7,FALSE,-7.796,-5.628,9.615,9.647,9.168,9.168,filtered-optical,-15.358,13.159,63,0.46
4.368,273,TRACKING,11.63,1.627,16.601,6.812,18.868,7.292,-7.188,-5.629,9.129,159.34,217.93,0.982,-35,2.662,1,TRUE,TRUE,453.4,228.8,453.8,229.3,586.9,349.6,FALSE,-7.238,-5.665,9.192,9.129,9.159,9.159,filtered-optical,-26.417,7.691,63,0.44
4.384,274,TRACKING,11.627,1.632,15.828,6.631,18.308,7.226,-6.653,-5.66,8.735,152.45,208.23,0.983,-35,-4.109,1,TRUE,TRUE,466.4,225.5,465.9,225.2,581.2,344.5,FALSE,-6.681,-5.594,8.714,8.735,9.056,9.056,filtered-optical,-37.826,1.431,63,0.46
4.4,275,TRACKING,11.625,1.638,15.15,6.154,17.748,7.043,-6.188,-5.384,8.203,143.16,195.4,0.984,-35,-11.46,1,TRUE,TRUE,477.6,229.2,478,229.7,576.2,339.6,FALSE,-6.124,-5.405,8.168,8.203,8.849,8.849,filtered-optical,-38.01,-5.56,63,0.46
4.416,276,TRACKING,11.622,1.644,14.335,5.639,17.188,6.735,-5.56,-5.059,7.517,131.2,178.87,0.984,-35,-19.259,1,TRUE,TRUE,492.8,233.8,491.9,233.6,571.8,335,FALSE,-5.566,-5.091,7.543,7.517,8.526,8.526,filtered-optical,-38.16,-13.114,63,0.45
4.432,277,TRACKING,11.619,1.649,13.569,5.104,16.628,6.335,-4.95,-4.698,6.825,119.11,162.24,0.985,-35,-25,1,TRUE,TRUE,507.5,240.1,507.7,240.9,568.1,330.8,FALSE,-5.009,-4.685,6.859,6.825,8.114,8.114,filtered-optical,-38.273,-21.094,63,0.44
4.448,278,TRACKING,11.617,1.655,12.973,4.577,16.068,5.935,-4.488,-4.328,6.235,108.82,148.14,0.986,-35,-25,1,TRUE,TRUE,518.6,248.8,518.8,248.7,564.9,327,FALSE,-4.452,-4.28,6.175,6.235,7.658,7.658,filtered-optical,-38.36,-26.991,63,0.45
4.464,279,TRACKING,11.614,1.66,12.305,3.936,15.508,5.535,-3.931,-3.819,5.481,95.66,130.16,0.987,-35,-25,1,TRUE,TRUE,532,260.7,531.3,261.2,562.3,323.8,FALSE,-3.894,-3.874,5.493,5.481,7.13,7.13,filtered-optical,-38.418,-27.116,63,0.44
4.48,280,TRACKING,11.611,1.666,11.574,3.465,14.948,5.135,-3.283,-3.464,4.773,83.31,113.2,0.988,-35,-25,1,TRUE,TRUE,547.6,269.1,547,269.6,560.4,320.9,FALSE,-3.337,-3.469,4.813,4.773,6.559,6.559,filtered-optical,-38.443,-27.219,63,0.44
4.496,281,TRACKING,11.609,1.672,11.003,3.005,14.388,4.735,-2.772,-3.105,4.162,72.64,98.61,0.989,-35,-25,1,TRUE,TRUE,560,277.6,560.6,277.3,559,318.4,FALSE,-2.78,-3.063,4.136,4.162,5.978,5.978,filtered-optical,-38.44,-27.301,63,0.44
4.512,282,TRACKING,11.606,1.677,10.47,2.474,13.828,4.335,-2.276,-2.655,3.497,61.03,82.8,0.989,-35,-25,1,TRUE,TRUE,572,288.2,572.1,287.5,558.2,316.4,FALSE,-2.222,-2.657,3.464,3.497,5.376,5.376,filtered-optical,-38.414,-27.359,63,0.44
4.528,283,TRACKING,11.603,1.683,9.826,1.96,13.268,3.935,-1.646,-2.202,2.749,47.98,64.99,0.99,-35,-25,1,TRUE,TRUE,587.1,299,586.6,298.4,557.9,314.9,FALSE,-1.665,-2.252,2.8,2.749,4.739,4.739,filtered-optical,-38.36,-27.392,63,0.5
4.544,284,TRACKING,11.601,1.689,9.257,1.592,12.708,3.535,-1.067,-1.88,2.161,37.72,50.97,0.991,-35,-25,1,TRUE,TRUE,601.1,306.6,600.9,306.2,558.2,313.6,FALSE,-1.108,-1.846,2.153,2.161,4.114,4.114,filtered-optical,-38.28,-27.407,63,0.45
4.56,285,TRACKING,11.598,1.694,8.808,1.156,12.148,3.135,-0.586,-1.471,1.583,27.64,37.25,0.992,-35,-25,1,TRUE,TRUE,612.7,316.3,613.2,316.9,559,312.9,FALSE,-0.55,-1.44,1.542,1.583,3.501,3.501,filtered-optical,-38.178,-27.399,63,0.46
4.576,286,TRACKING,11.595,1.7,8.287,0.664,11.588,2.735,-0.014,-0.988,0.988,17.25,23.17,0.993,-35,-25,1,TRUE,TRUE,626.4,327.6,626.6,327,560.3,312.5,FALSE,0.007,-1.035,1.035,0.988,2.892,2.892,filtered-optical,-38.054,-27.37,63,0.45
4.592,287,TRACKING,11.592,1.705,7.745,0.306,11.028,2.335,0.606,-0.623,0.869,15.17,20.6,0.994,-35,-25,1,TRUE,TRUE,641.3,336.1,642.1,336.1,562.3,312.5,FALSE,0.564,-0.629,0.845,0.869,2.401,2.401,filtered-optical,-37.904,-27.322,63,0.44
4.608,288,TRACKING,11.59,1.711,7.323,-0.028,10.468,1.935,1.122,-0.268,1.154,20.14,27.61,0.994,-35,-25,1,TRUE,TRUE,653.6,344.4,654,344.3,564.6,312.9,FALSE,1.121,-0.224,1.144,1.154,2.099,2.099,filtered-optical,-37.735,-27.259,63,0.44
4.624,289,TRACKING,11.587,1.717,6.918,-0.448,9.908,1.535,1.641,0.189,1.652,28.82,39.56,0.995,-35,-25,1,TRUE,TRUE,666,355,665.7,354.5,567.4,313.7,FALSE,1.679,0.182,1.689,1.652,1.991,1.991,filtered-optical,-37.55,-27.177,63,0.45
4.64,290,TRACKING,11.584,1.722,6.443,-0.843,9.348,1.135,2.25,0.64,2.339,40.83,55.98,0.996,-35,-25,1,TRUE,TRUE,680.5,365.5,680.4,366,570.7,314.8,FALSE,2.236,0.588,2.312,2.339,2.075,2.075,filtered-optical,-37.343,-27.074,63,0.44
4.656,291,TRACKING,11.581,1.728,6.026,-1.083,8.788,0.735,2.823,0.948,2.977,51.97,71.22,0.997,-35,-25,1,TRUE,TRUE,694.2,372.7,694.4,373.3,574.5,316.3,FALSE,2.793,0.993,2.965,2.977,2.294,2.294,filtered-optical,-37.116,-26.96,63,0.44
4.672,292,TRACKING,11.579,1.733,5.695,-1.436,8.228,0.335,3.327,1.384,3.603,62.89,86.13,0.998,-35,-25,1,TRUE,TRUE,706.2,382.9,706.6,383,578.7,318.1,FALSE,3.35,1.399,3.631,3.603,2.611,2.611,filtered-optical,-36.874,-26.829,63,0.45
4.688,293,TRACKING,11.576,1.739,5.324,-1.791,7.668,-0.065,3.888,1.838,4.301,75.07,102.77,0.998,-35,-25,1,TRUE,TRUE,719.7,393.6,719.8,393.3,583.3,320.3,FALSE,3.908,1.804,4.304,4.301,3.021,3.021,filtered-optical,-36.616,-26.681,63,0.44
4.704,294,TRACKING,11.573,1.745,4.929,-2.069,7.108,-0.465,4.494,2.229,5.017,87.56,119.89,0.999,-35,-25,1,TRUE,TRUE,734.2,402.9,734.5,402.3,588.5,322.8,FALSE,4.465,2.21,4.982,5.017,3.505,3.505,filtered-optical,-36.339,-26.52,63,0.45
4.72,295,TRACKING,11.57,1.75,4.619,-2.267,6.548,-0.865,5.031,2.55,5.641,98.45,134.84,1,-35,-25,1,TRUE,TRUE,747.1,410.5,746.6,410,594,325.6,FALSE,5.022,2.616,5.662,5.641,4.023,4.023,filtered-optical,-36.049,-26.349,63,0.44
4.736,296,TRACKING,11.568,1.756,4.353,-2.631,5.993,-1.265,5.542,3.057,6.329,110.46,151.26,1,-34.698,-25,1,TRUE,TRUE,759.6,422.5,760.2,422.5,599.9,328.8,FALSE,5.574,3.021,6.34,6.329,4.582,4.582,filtered-optical,-35.745,-26.16,63,0.43
4.752,297,TRACKING,11.565,1.761,4.055,-2.869,5.466,-1.665,6.101,3.45,7.009,122.32,167.57,1,-32.919,-25,1,TRUE,TRUE,773.8,431.8,773.3,432,606.2,332.3,FALSE,6.098,3.427,6.995,7.009,5.17,5.17,filtered-optical,-35.126,-25.958,63,0.44
4.768,298,TRACKING,11.562,1.767,3.829,-3.065,4.992,-2.065,6.604,3.812,7.625,133.09,182.38,1,-29.669,-25,1,TRUE,TRUE,787.4,440.3,786.7,440.2,613,336.1,FALSE,6.57,3.832,7.606,7.625,5.765,5.765,filtered-optical,-33.016,-25.746,63,0.44
4.784,299,TRACKING,11.559,1.773,3.773,-3.273,4.592,-2.465,6.952,4.198,8.121,141.73,194.24,1,-24.989,-24.994,1,TRUE,TRUE,797.7,449.3,798,449.2,620,340.1,FALSE,6.967,4.238,8.155,8.121,6.336,6.336,filtered-optical,-29.428,-25.525,63,0.43
4.8,300,TRACKING,11.556,1.778,3.787,-3.571,4.289,-2.847,7.237,4.692,8.624,150.52,206.23,1,-18.947,-23.876,1,TRUE,TRUE,807,461.3,807.2,461.8,627.3,344.6,FALSE,7.268,4.625,8.615,8.624,6.891,6.891,filtered-optical,-24.406,-25.281,63,0.45
4.816,301,TRACKING,11.553,1.784,3.851,-3.637,4.103,-3.195,7.481,4.961,8.976,156.67,214.67,1,-11.607,-21.708,1,TRUE,TRUE,815.9,468.4,815.9,468.3,634.7,349.2,FALSE,7.45,4.978,8.961,8.976,7.396,7.396,filtered-optical,-18.019,-23.922,63,0.44
4.832,302,TRACKING,11.551,1.789,4.122,-3.712,4.053,-3.491,7.517,5.248,9.168,160.01,219.16,1,-3.097,-18.511,1,TRUE,TRUE,820.1,476.3,819.8,476.6,642.1,354.1,FALSE,7.497,5.28,9.17,9.168,7.826,7.826,filtered-optical,-10.342,-21.506,63,0.43
4.848,303,TRACKING,11.548,1.795,4.592,-3.761,4.156,-3.716,7.348,5.519,9.19,160.4,219.5,1,6.408,-14.082,1,TRUE,TRUE,819.7,484.3,819,485,649.4,359.1,FALSE,7.392,5.511,9.22,9.19,8.157,8.157,filtered-optical,-1.51,-18.054,63,0.44
4.864,304,TRACKING,11.545,1.801,5.113,-3.727,4.424,-3.86,7.119,5.712,9.128,159.31,217.82,1,16.759,-8.977,1,TRUE,TRUE,818.1,490.8,817.7,490.4,656.5,364.3,FALSE,7.121,5.66,9.096,9.128,8.392,8.392,filtered-optical,8.302,-13.37,63,0.43
4.88,305,TRACKING,11.542,1.806,5.789,-3.451,4.869,-3.908,6.722,5.66,8.787,153.37,209.51,1,27.782,-3.034,1,TRUE,TRUE,812.6,491.9,813.2,491.2,663.2,369.4,FALSE,6.673,5.714,8.786,8.787,8.488,8.488,filtered-optical,18.937,-8.019,63,0.43
4.896,306,TRACKING,11.539,1.812,6.674,-3.222,5.429,-3.849,6.087,5.655,8.309,145.02,197.8,1,35,3.675,1,TRUE,TRUE,800,494.4,799.8,494.2,669.3,374.6,FALSE,6.11,5.661,8.33,8.309,8.444,8.444,filtered-optical,30.207,-1.834,63,0.46
4.912,307,TRACKING,11.536,1.817,7.477,-2.877,5.989,-3.673,5.507,5.529,7.804,136.2,185.54,1,35,11.044,1,TRUE,TRUE,785.8,494.3,785.2,494.2,674.7,379.6,FALSE,5.547,5.49,7.805,7.804,8.289,8.289,filtered-optical,37.634,5.106,63,0.44
4.928,308,TRACKING,11.533,1.823,8.152,-2.337,6.549,-3.37,5.031,5.196,7.232,126.23,171.83,1,35,18.911,1,TRUE,TRUE,774.2,489.5,774.5,489.2,679.5,384.3,FALSE,4.985,5.193,7.198,7.232,8.033,8.033,filtered-optical,37.813,12.687,63,0.43
4.944,309,TRACKING,11.53,1.829,8.913,-1.696,7.109,-2.97,4.441,4.745,6.499,113.43,154.27,1,35,25,1,TRUE,TRUE,759.9,481.1,759.9,480.9,683.7,388.6,FALSE,4.422,4.799,6.525,6.499,7.661,7.661,filtered-optical,37.957,20.74,63,0.45
4.96,310,TRACKING,11.527,1.834,9.697,-1.216,7.669,-2.57,3.799,4.437,5.841,101.95,138.48,1,35,25,1,TRUE,TRUE,744.5,473.9,744.3,473.5,687.2,392.5,FALSE,3.859,4.404,5.856,5.841,7.22,7.22,filtered-optical,38.065,26.992,63,0.43
4.976,311,TRACKING,11.524,1.84,10.307,-0.664,8.229,-2.17,3.307,4.041,5.221,91.13,123.68,1,35,25,1,TRUE,TRUE,732.6,464.5,731.1,465.3,690.1,396.1,FALSE,3.296,4.01,5.19,5.221,6.735,6.735,filtered-optical,38.143,27.132,63,0.43
4.992,312,TRACKING,11.521,1.845,10.922,-0.064,8.789,-1.77,2.789,3.573,4.533,79.11,107.28,1,35,25,1,TRUE,TRUE,720.2,453.3,720.5,452.9,692.5,399,FALSE,2.733,3.615,4.532,4.533,6.201,6.201,filtered-optical,38.196,27.24,63,0.45
5.008,313,TRACKING,11.519,1.851,11.652,0.416,9.349,-1.37,2.128,3.209,3.85,67.2,90.96,1,35,25,1,TRUE,TRUE,704.3,444.7,704.3,445.2,694.2,401.6,FALSE,2.17,3.221,3.884,3.85,5.631,5.631,filtered-optical,38.215,27.328,63,0.44
5.024,314,TRACKING,11.516,1.856,12.253,0.851,9.909,-0.97,1.571,2.874,3.275,57.16,77.23,1,35,25,1,TRUE,TRUE,691.1,436.7,690.6,437.2,695.3,403.8,FALSE,1.607,2.827,3.251,3.275,5.06,5.06,filtered-optical,38.206,27.395,63,0.45
5.04,315,TRACKING,11.513,1.862,12.742,1.377,10.469,-0.57,1.107,2.427,2.667,46.55,62.81,1,35,25,1,TRUE,TRUE,680,426.2,680,425.8,696,405.6,FALSE,1.044,2.432,2.647,2.667,4.48,4.48,filtered-optical,38.176,27.436,63,0.45
5.056,316,TRACKING,11.51,1.868,13.366,1.879,11.029,-0.17,0.483,1.986,2.044,35.67,48,1,35,25,1,TRUE,TRUE,665.1,415.8,665.3,416,696.1,406.8,FALSE,0.481,2.038,2.094,2.044,3.889,3.889,filtered-optical,38.118,27.454,63,0.43
5.072,317,TRACKING,11.507,1.873,13.971,2.229,11.589,0.23,-0.147,1.684,1.69,29.5,39.65,1,35,25,1,TRUE,TRUE,650,408.8,649.7,409.2,695.5,407.8,FALSE,-0.082,1.643,1.645,1.69,3.356,3.356,filtered-optical,38.031,27.457,63,0.5
5.088,318,TRACKING,11.504,1.879,14.393,2.675,12.149,0.63,-0.612,1.268,1.408,24.58,33.17,1,35,25,1,TRUE,TRUE,638.9,399.1,639.2,399.3,694.6,408.4,FALSE,-0.645,1.249,1.406,1.408,2.884,2.884,filtered-optical,37.927,27.438,63,0.44
5.104,319,TRACKING,11.501,1.884,14.876,3.135,12.709,1.03,-1.16,0.82,1.421,24.8,33.8,1,35,25,1,TRUE,TRUE,625.8,388.7,625.5,389.3,693.1,408.6,FALSE,-1.208,0.854,1.48,1.421,2.529,2.529,filtered-optical,37.799,27.399,63,0.43
5.12,320,TRACKING,11.498,1.89,15.455,3.513,13.269,1.43,-1.83,0.438,1.881,32.84,45.03,1,35,25,1,TRUE,TRUE,609.7,379.8,609.4,379.2,691,408.4,FALSE,-1.771,0.46,1.83,1.881,2.372,2.372,filtered-optical,37.644,27.341,63,0.43
5.136,321,TRACKING,11.495,1.895,15.866,3.805,13.829,1.83,-2.35,0.13,2.354,41.09,56.42,1,35,25,1,TRUE,TRUE,597.2,372.6,597.1,372.2,688.4,407.8,FALSE,-2.334,0.066,2.335,2.354,2.368,2.368,filtered-optical,37.471,27.269,63,0.44
5.152,322,TRACKING,11.491,1.901,16.222,4.26,14.389,2.23,-2.831,-0.36,2.854,49.81,68.39,1,35,25,1,TRUE,TRUE,585.6,361.1,586.4,361.2,685.5,406.9,FALSE,-2.897,-0.329,2.916,2.854,2.486,2.486,filtered-optical,37.284,27.176,63,0.5
5.168,323,TRACKING,11.488,1.907,16.72,4.6,14.949,2.63,-3.479,-0.75,3.559,62.12,85.28,1,35,25,1,TRUE,TRUE,569.9,351.9,569.6,351.8,682,405.6,FALSE,-3.46,-0.723,3.535,3.559,2.746,2.746,filtered-optical,37.07,27.067,63,0.44
5.184,324,TRACKING,11.485,1.912,17.146,4.887,15.509,3.03,-4.078,-1.099,4.223,73.71,101.18,1,35,25,1,TRUE,TRUE,555.5,343.6,554.9,343.6,677.9,404,FALSE,-4.023,-1.118,4.176,4.223,3.104,3.104,filtered-optical,36.837,26.945,63,0.44
5.2,325,TRACKING,11.482,1.918,17.422,5.18,16.069,3.43,-4.54,-1.469,4.771,83.28,114.29,1,35,25,1,TRUE,TRUE,544.4,334.9,544.3,335.1,673.6,402.1,FALSE,-4.586,-1.512,4.829,4.771,3.508,3.508,filtered-optical,36.591,26.809,63,0.44
5.216,326,TRACKING,11.479,1.923,17.799,5.588,16.629,3.83,-5.122,-1.972,5.488,95.78,131.42,1,35,25,1,TRUE,TRUE,530.3,323,530.5,323,668.7,399.7,FALSE,-5.149,-1.907,5.491,5.488,3.988,3.988,filtered-optical,36.329,26.654,63,0.44
5.232,327,TRACKING,11.476,1.929,18.222,5.798,17.189,4.23,-5.771,-2.287,6.208,108.35,148.73,1,35,25,1,TRUE,TRUE,514.7,315.6,514.9,315.8,663.4,397.1,FALSE,-5.712,-2.301,6.159,6.208,4.526,4.526,filtered-optical,36.046,26.489,63,0.44
5.248,328,TRACKING,11.473,1.934,18.481,6.056,17.749,4.63,-6.272,-2.663,6.814,118.93,163.28,1,35,25,1,TRUE,TRUE,502.6,306.7,502.7,306.3,657.6,394.2,FALSE,-6.276,-2.696,6.83,6.814,5.081,5.081,filtered-optical,35.751,26.311,63,0.43
5.264,329,TRACKING,11.47,1.94,18.718,6.353,18.292,5.03,-6.768,-3.094,7.442,129.89,178.34,1,33.955,25,1,TRUE,TRUE,490.2,296.7,489.9,296.7,651.5,390.9,FALSE,-6.822,-3.09,7.489,7.442,5.653,5.653,filtered-optical,35.444,26.119,63,0.45
5.28,330,TRACKING,11.467,1.945,19.028,6.652,18.794,5.43,-7.357,-3.54,8.164,142.5,195.73,1,31.398,25,1,TRUE,TRUE,475,286.3,474.4,286.5,644.9,387.4,FALSE,-7.327,-3.484,8.114,8.164,6.262,6.262,filtered-optical,34.074,25.914,63,0.43
5.296,331,TRACKING,11.464,1.951,19.183,6.782,19.232,5.83,-7.804,-3.825,8.691,151.68,208.45,1,27.376,25,1,TRUE,TRUE,462.7,279.7,462.9,279.7,638,383.6,FALSE,-7.769,-3.879,8.683,8.691,6.851,6.851,filtered-optical,31.184,25.703,63,0.43
5.312,332,TRACKING,11.461,1.956,19.156,7.053,19.584,6.229,-8.079,-4.265,9.136,159.45,219.07,1,21.955,24.974,1,TRUE,TRUE,453.9,269.4,453.3,270,630.8,379.5,FALSE,-8.123,-4.273,9.178,9.136,7.405,7.405,filtered-optical,26.824,25.481,63,0.48
5.328,333,TRACKING,11.457,1.962,19.126,7.289,19.827,6.611,-8.358,-4.686,9.582,167.23,229.75,1,15.213,23.853,1,TRUE,TRUE,444.5,259.1,445,258.6,623.5,375,FALSE,-8.37,-4.649,9.574,9.582,7.933,7.933,filtered-optical,21.064,25.218,63,0.43
5.344,334,TRACKING,11.454,1.968,18.987,7.408,19.943,6.958,-8.534,-4.999,9.89,172.62,237.12,1,7.225,21.668,1,TRUE,TRUE,437.1,250.8,437.5,250.4,616,370.4,FALSE,-8.488,-4.99,9.846,9.89,8.407,8.407,filtered-optical,13.982,23.854,63,0.43
5.36,335,TRACKING,11.451,1.973,18.592,7.433,19.913,7.254,-8.452,-5.223,9.936,173.41,238.07,1,-1.872,18.485,1,TRUE,TRUE,435.5,244.3,434.8,244.9,608.6,365.5,FALSE,-8.461,-5.28,9.974,9.936,8.778,8.778,filtered-optical,5.664,21.424,63,0.52
5.376,336,TRACKING,11.448,1.979,18.073,7.533,19.722,7.481,-8.237,-5.534,9.924,173.2,237.53,1,-11.908,14.218,1,TRUE,TRUE,436.8,235.2,435.8,235.4,601.4,360.5,FALSE,-8.274,-5.502,9.937,9.924,9.055,9.055,filtered-optical,-3.747,17.988,63,0.43
5.392,337,TRACKING,11.445,1.984,17.481,7.457,19.359,7.627,-7.938,-5.674,9.757,170.29,233.32,1,-22.704,9.105,1,TRUE,TRUE,439.8,229.9,439.7,229.7,594.4,355.3,FALSE,-7.914,-5.642,9.72,9.757,9.226,9.226,filtered-optical,-14.077,13.467,63,0.43
5.408,338,TRACKING,11.442,1.99,16.668,7.219,18.814,7.677,-7.397,-5.649,9.307,162.44,222.28,1,-34.037,3.162,1,TRUE,TRUE,448.5,228.2,448.5,228.7,588,350.2,FALSE,-7.373,-5.688,9.311,9.307,9.245,9.245,filtered-optical,-25.137,8.109,63,0.44
5.424,339,TRACKING,11.438,1.995,15.814,6.965,18.254,7.621,-6.785,-5.607,8.802,153.63,209.92,1,-35,-3.535,1,TRUE,TRUE,463,226.6,463.3,226.2,582.3,345,FALSE,-6.816,-5.625,8.837,8.802,9.138,9.138,filtered-optical,-36.696,1.926,63,0.43
5.44,340,TRACKING,11.435,2.001,15.06,6.644,17.694,7.447,-6.248,-5.495,8.321,145.22,198.2,1,-35,-10.885,1,TRUE,TRUE,476,226.5,475.3,226,577.1,340,FALSE,-6.259,-5.446,8.296,8.321,8.94,8.94,filtered-optical,-37.851,-5.001,63,0.43
5.456,341,TRACKING,11.432,2.006,14.357,6.092,17.134,7.147,-5.735,-5.137,7.699,134.37,183.26,1,-35,-18.711,1,TRUE,TRUE,488.4,232,489.4,232.1,572.6,335.4,FALSE,-5.702,-5.141,7.677,7.699,8.639,8.639,filtered-optical,-38.008,-12.559,63,0.44
5.472,342,TRACKING,11.429,2.012,13.602,5.464,16.574,6.747,-5.145,-4.684,6.958,121.43,165.49,1,-35,-25,1,TRUE,TRUE,502.7,240.5,502.3,240.5,568.8,331.1,FALSE,-5.145,-4.735,6.993,6.958,8.231,8.231,filtered-optical,-38.133,-20.568,63,0.49
5.488,343,TRACKING,11.426,2.017,12.878,4.986,16.014,6.347,-4.557,-4.365,6.31,110.13,149.94,1,-35,-25,1,TRUE,TRUE,517,248.1,517.6,248.1,565.6,327.2,FALSE,-4.589,-4.33,6.309,6.31,7.766,7.766,filtered-optical,-38.224,-27.016,63,0.44
5.504,344,TRACKING,11.422,2.023,12.251,4.43,15.454,5.947,-4.043,-3.949,5.652,98.64,134.22,1,-35,-25,1,TRUE,TRUE,529.4,258,529.2,257.7,562.9,323.8,FALSE,-4.032,-3.924,5.626,5.652,7.253,7.253,filtered-optical,-38.287,-27.149,63,0.45
5.52,345,TRACKING,11.419,2.028,11.622,3.849,14.894,5.547,-3.504,-3.484,4.942,86.25,117.29,1,-35,-25,1,TRUE,TRUE,542.4,268.9,542.7,269.5,560.8,321,FALSE,-3.475,-3.519,4.945,4.942,6.693,6.693,filtered-optical,-38.322,-27.252,63,0.45
5.536,346,TRACKING,11.416,2.034,10.95,3.354,14.334,5.147,-2.895,-3.09,4.234,73.9,100.39,1,-35,-25,1,TRUE,TRUE,557.2,278.2,557.2,277.9,559.4,318.5,FALSE,-2.918,-3.113,4.267,4.234,6.097,6.097,filtered-optical,-38.326,-27.334,63,0.49
5.552,347,TRACKING,11.413,2.04,10.355,2.949,13.774,4.747,-2.339,-2.771,3.626,63.29,85.86,1,-35,-25,1,TRUE,TRUE,570.6,285.7,571,285.2,558.5,316.4,FALSE,-2.362,-2.708,3.593,3.626,5.498,5.498,filtered-optical,-38.302,-27.397,63,0.46
5.568,348,TRACKING,11.409,2.045,9.836,2.391,13.214,4.347,-1.839,-2.276,2.926,51.07,69.24,1,-35,-25,1,TRUE,TRUE,582.6,297.2,582.8,297,558.2,314.7,FALSE,-1.805,-2.302,2.925,2.926,4.874,4.874,filtered-optical,-38.256,-27.432,63,0.44
5.584,349,TRACKING,11.406,2.051,9.26,1.936,12.654,3.947,-1.258,-1.868,2.252,39.3,53.18,1,-35,-25,1,TRUE,TRUE,596.6,306.7,597.1,306.3,558.4,313.5,FALSE,-1.248,-1.897,2.27,2.252,4.239,4.239,filtered-optical,-38.183,-27.447,63,0.46
5.6,350,TRACKING,11.403,2.056,8.679,1.545,12.094,3.547,-0.649,-1.508,1.641,28.65,38.63,1,-35,-25,1,TRUE,TRUE,611.2,315.1,610.7,314.6,559.1,312.6,FALSE,-0.691,-1.491,1.644,1.641,3.609,3.609,filtered-optical,-38.085,-27.443,63,0.44
5.616,351,TRACKING,11.4,2.062,8.221,1.154,11.534,3.147,-0.144,-1.131,1.141,19.91,26.76,1,-35,-25,1,TRUE,TRUE,623.3,323.9,622.7,323.8,560.3,312.2,FALSE,-0.135,-1.086,1.094,1.141,3.011,3.011,filtered-optical,-37.968,-27.419,63,0.44
5.632,352,TRACKING,11.396,2.067,7.767,0.645,10.974,2.747,0.379,-0.616,0.724,12.63,17.07,1,-35,-25,1,TRUE,TRUE,635.8,336,636.6,335.9,562.1,312.2,FALSE,0.422,-0.68,0.8,0.724,2.456,2.456,filtered-optical,-37.827,-27.372,63,0.46
5.648,353,TRACKING,11.393,2.073,7.228,0.333,10.414,2.347,1.009,-0.285,1.049,18.31,25.09,1,-35,-25,1,TRUE,TRUE,650.8,343.8,650.3,343.8,564.3,312.5,FALSE,0.979,-0.275,1.016,1.049,2.115,2.115,filtered-optical,-37.664,-27.309,63,0.44
5.664,354,TRACKING,11.39,2.078,6.782,-0.016,9.854,1.947,1.566,0.099,1.569,27.39,37.6,1,-35,-25,1,TRUE,TRUE,664.1,352.9,664,352.7,567.1,313.2,FALSE,1.535,0.131,1.541,1.569,1.983,1.983,filtered-optical,-37.481,-27.229,63,0.44
5.68,355,TRACKING,11.386,2.084,6.434,-0.402,9.294,1.547,2.042,0.536,2.112,36.85,50.53,1,-35,-25,1,TRUE,TRUE,675.4,363.3,674.8,362.7,570.2,314.3,FALSE,2.092,0.536,2.16,2.112,2.014,2.014,filtered-optical,-37.282,-27.131,63,0.44
5.696,356,TRACKING,11.383,2.089,5.984,-0.798,8.734,1.147,2.641,1.001,2.824,49.29,67.52,1,-35,-25,1,TRUE,TRUE,689.7,374.2,689.6,373.8,573.9,315.8,FALSE,2.649,0.942,2.811,2.824,2.21,2.21,filtered-optical,-37.063,-27.014,63,0.44
5.712,357,TRACKING,11.38,2.095,5.535,-1.011,8.174,0.747,3.263,1.295,3.51,61.27,83.93,1,-35,-25,1,TRUE,TRUE,704.6,381.2,705.2,381.7,578.1,317.5,FALSE,3.205,1.347,3.477,3.51,2.526,2.526,filtered-optical,-36.822,-26.884,63,0.44
5.728,358,TRACKING,11.376,2.1,5.243,-1.362,7.614,0.347,3.74,1.743,4.126,72.01,98.59,1,-35,-25,1,TRUE,TRUE,716.1,391.7,715.5,391.7,582.6,319.7,FALSE,3.762,1.753,4.15,4.126,2.914,2.914,filtered-optical,-36.569,-26.737,63,0.44
5.744,359,TRACKING,11.373,2.106,4.917,-1.7,7.054,-0.053,4.27,2.193,4.8,83.78,114.66,1,-35,-25,1,TRUE,TRUE,728.9,402.1,728.7,401.7,587.6,322.2,FALSE,4.319,2.159,4.828,4.8,3.371,3.371,filtered-optical,-36.301,-26.576,63,0.44
5.76,360,TRACKING,11.37,2.111,4.487,-1.961,6.494,-0.453,4.925,2.578,5.559,97.02,132.84,1,-35,-25,1,TRUE,TRUE,744.7,411.1,744.6,410.6,593.1,325,FALSE,4.875,2.564,5.508,5.559,3.901,3.901,filtered-optical,-36.012,-26.402,63,0.43
5.776,361,TRACKING,11.366,2.117,4.199,-2.156,5.934,-0.853,5.456,2.91,6.183,107.92,147.81,1,-35,-25,1,TRUE,TRUE,757.5,418.8,757.5,418.6,599,328,FALSE,5.432,2.97,6.191,6.183,4.455,4.455,filtered-optical,-35.711,-26.218,63,0.45
5.792,362,TRACKING,11.363,2.122,4.008,-2.501,5.396,-1.253,5.902,3.406,6.814,118.93,162.87,1,-33.664,-25,1,TRUE,TRUE,768.9,430.4,768.5,429.1,605.2,331.5,FALSE,5.967,3.375,6.855,6.814,5.027,5.027,filtered-optical,-35.4,-26.02,63,0.43
5.808,363,TRACKING,11.359,2.128,3.718,-2.741,4.902,-1.653,6.467,3.812,7.507,131.02,179.49,1,-30.838,-25,1,TRUE,TRUE,783.7,439.9,783.7,439.9,611.9,335.2,FALSE,6.457,3.781,7.482,7.507,5.628,5.628,filtered-optical,-33.736,-25.807,63,0.43
5.824,364,TRACKING,11.356,2.133,3.538,-2.904,4.478,-2.053,6.939,4.152,8.086,141.13,193.43,1,-26.532,-25,1,TRUE,TRUE,796.9,448,797.3,447.9,618.9,339.2,FALSE,6.878,4.186,8.052,8.086,6.224,6.224,filtered-optical,-30.571,-25.586,63,0.44
5.84,365,TRACKING,11.353,2.139,3.61,-3.116,4.144,-2.439,7.165,4.554,8.49,148.17,203.03,1,-20.844,-24.134,1,TRUE,TRUE,804.6,457.8,805.1,457.5,626.2,343.6,FALSE,7.208,4.578,8.539,8.49,6.773,6.773,filtered-optical,-25.924,-25.355,63,0.44
5.856,366,TRACKING,11.349,2.144,3.691,-3.347,3.922,-2.794,7.388,4.989,8.915,155.6,213.14,1,-13.861,-22.173,1,TRUE,TRUE,812.7,468.9,812.5,468.7,633.6,348.2,FALSE,7.427,4.938,8.918,8.915,7.292,7.292,filtered-optical,-19.895,-24.244,63,0.44
5.872,367,TRACKING,11.346,2.15,3.812,-3.392,3.832,-3.1,7.578,5.247,9.217,160.87,220.37,1,-5.661,-19.159,1,TRUE,TRUE,820.5,476.2,819.6,476.3,641,353.1,FALSE,7.514,5.25,9.166,9.217,7.759,7.759,filtered-optical,-12.573,-22.033,63,0.44
5.888,368,TRACKING,11.342,2.155,4.24,-3.375,3.89,-3.343,7.456,5.448,9.234,161.17,220.64,1,3.615,-15.156,1,TRUE,TRUE,821.1,482.6,821.6,482.1,648.5,358.1,FALSE,7.453,5.498,9.261,9.234,8.117,8.117,filtered-optical,-4.043,-18.768,63,0.44
5.904,369,TRACKING,11.339,2.161,4.826,-3.396,4.11,-3.506,7.164,5.696,9.152,159.74,218.44,1,13.759,-10.185,1,TRUE,TRUE,817.9,490.3,817.6,489.9,655.6,363.3,FALSE,7.229,5.666,9.185,9.152,8.368,8.368,filtered-optical,5.541,-14.508,63,0.43
5.92,370,TRACKING,11.335,2.166,5.41,-3.24,4.504,-3.575,6.863,5.77,8.966,156.49,213.82,1,24.623,-4.313,1,TRUE,TRUE,814.7,494.3,814.9,494.5,662.4,368.5,FALSE,6.831,5.741,8.923,8.966,8.513,8.513,filtered-optical,15.974,-9.282,63,0.44
5.936,371,TRACKING,11.332,2.172,6.218,-2.919,5.064,-3.537,6.316,5.675,8.49,148.19,202.23,1,35,2.332,1,TRUE,TRUE,805.4,494.5,805.4,494.7,668.8,373.7,FALSE,6.268,5.709,8.478,8.49,8.507,8.507,filtered-optical,27.098,-3.165,63,0.45
5.952,372,TRACKING,11.328,2.177,7.113,-2.558,5.624,-3.383,5.649,5.535,7.909,138.04,188.1,1,35,9.64,1,TRUE,TRUE,789.2,493.8,788.6,494.4,674.4,378.7,FALSE,5.705,5.56,7.966,7.909,8.362,8.362,filtered-optical,37.691,3.714,63,0.46
5.968,373,TRACKING,11.325,2.183,7.842,-2.157,6.184,-3.103,5.124,5.347,7.406,129.26,175.95,1,35,17.504,1,TRUE,TRUE,776.4,492.3,776.3,492.9,679.3,383.6,FALSE,5.141,5.286,7.374,7.406,8.13,8.13,filtered-optical,37.874,11.243,63,0.43
5.984,374,TRACKING,11.321,2.188,8.508,-1.487,6.744,-2.703,4.639,4.87,6.726,117.4,159.72,1,35,25,1,TRUE,TRUE,764.7,483.8,765.3,483.1,683.7,388,FALSE,4.578,4.891,6.699,6.726,7.79,7.79,filtered-optical,38.028,19.298,63,0.44
6,375,TRACKING,11.318,2.194,9.3,-0.908,7.304,-2.303,3.999,4.465,5.994,104.61,142.16,1,35,25,1,TRUE,TRUE,749.3,474.2,749.8,473.8,687.5,392,FALSE,4.014,4.497,6.028,5.994,7.355,7.355,filtered-optical,38.146,26.959,63,0.45
